-- phpMyAdmin SQL Dump
-- version 4.9.1
-- https://www.phpmyadmin.net/
--
-- Hôte : localhost
-- Généré le :  mar. 15 sep. 2020 à 18:48
-- Version du serveur :  5.5.61-38.13-log
-- Version de PHP :  7.4.5

SET SQL_MODE = "NO_AUTO_VALUE_ON_ZERO";
SET AUTOCOMMIT = 0;
START TRANSACTION;
SET time_zone = "+00:00";


/*!40101 SET @OLD_CHARACTER_SET_CLIENT=@@CHARACTER_SET_CLIENT */;
/*!40101 SET @OLD_CHARACTER_SET_RESULTS=@@CHARACTER_SET_RESULTS */;
/*!40101 SET @OLD_COLLATION_CONNECTION=@@COLLATION_CONNECTION */;
/*!40101 SET NAMES utf8mb4 */;

--
-- Base de données :  `secure_safran_dev`
--
CREATE DATABASE IF NOT EXISTS `secure_safran_dev` DEFAULT CHARACTER SET utf8 COLLATE utf8_general_ci;
USE `secure_safran_dev`;

-- --------------------------------------------------------

--
-- Structure de la table `categories`
--

CREATE TABLE `categories` (
  `id` int(10) UNSIGNED NOT NULL,
  `title` varchar(50) CHARACTER SET latin1 NOT NULL,
  `name` varchar(50) NOT NULL,
  `name_menu` varchar(50) NOT NULL,
  `description` varchar(150) NOT NULL COMMENT 'meta',
  `image_path` varchar(50) NOT NULL,
  `category_info` varchar(800) NOT NULL,
  `display` tinyint(1) NOT NULL DEFAULT '1'
) ENGINE=InnoDB DEFAULT CHARSET=utf8;

--
-- Déchargement des données de la table `categories`
--

INSERT INTO `categories` (`id`, `title`, `name`, `name_menu`, `description`, `image_path`, `category_info`, `display`) VALUES
(1, 'safran', 'Safran en Filaments et en Poudre', 'Notre Safran', 'Safran en Filaments et en Poudre', 'images/produits/categorie_filaments_1.JPG', 'Le safran en filaments correspond au pistils de safran, séchés et laissés maturés quelques mois, le temps qu\'ils développent tous leurs arômes. En savoir plus sur ce qu\'est un <a href=\"#\">pistil de safran</a> ? <br/>Le safran en poudre n\'est autre que le safran en filaments réduit en poudre pour en faciliter son utilisation.<br/>Pour en savoir plus sur les différentes utilisaions du safran en filaments et en poudre, vous trouverez ici nos <a href=\"#\">conseils d\'utilisation</a>.\r\n', 1),
(2, 'specialites', 'Spécialités au Safran', 'Spécialités au Safran', 'Spécialités au Safran', 'images/produits/categorie_specialites.jpg', 'Découvrez nos spécialités sucrées et salées au safran :<br /> Tagliatelles, sablés au Safran... Une autre façon d’apprécier le Safran de la Ventue !', 1),
(3, 'confitures', 'Confitures au Safran', 'Confitures au Safran', 'Confitures au Safran', 'images/produits/categorie_confitures.jpg', 'Découvrez nos confitures au safran :<br /> Poire, orange, coing... Une autre façon d’apprécier le Safran de la Ventue !', 1),
(4, 'sel', 'Sel de Guérande Safrané', 'Sel Safrané', 'Sel de Guérande Safrané', 'images/produits/categorie_sel.jpg', 'Sel de Guérande safrané avec notre Safran de la Ventue. Vous trouverez sel fin, gros sel et fleur de sel.', 1),
(5, 'bulbe', 'Bulbes de Crocus', 'Bulbes de Crocus', 'Bulbes de Crocus', 'images/produits/categorie_bulbes.JPG', 'Les bulbes sont directement issus de notre safranière<br/>La période de production <strong>commence en juillet</strong>, vous pouvez d\'ores et déjà commander nos bulbes, ils vous seront <strong>livrés dès juillet prochain</strong>.<br/>Conditionnement: x5, x10, etc.<br /> Pour des quantités supérieures, n\'hésitez pas à <a href=\"nous_contacter.php\">nous contacter</a> !', 1);

-- --------------------------------------------------------

--
-- Structure de la table `ci_sessions`
--

CREATE TABLE `ci_sessions` (
  `id` varchar(128) NOT NULL,
  `ip_address` varchar(45) NOT NULL,
  `timestamp` int(10) UNSIGNED NOT NULL DEFAULT '0',
  `data` blob NOT NULL
) ENGINE=MyISAM DEFAULT CHARSET=utf8;

--
-- Déchargement des données de la table `ci_sessions`
--

INSERT INTO `ci_sessions` (`id`, `ip_address`, `timestamp`, `data`) VALUES
('pkpsgg60rs4abb4lvl31gn1skp684kt3', '34.234.54.252', 1573033295, 0x5f5f63695f6c6173745f726567656e65726174657c693a313537333033333239353b636172747c613a303a7b7d),
('qsoi5aqkn6kr8j6r7l8j7p5e7r0dbdd7', '34.234.54.252', 1573033290, 0x5f5f63695f6c6173745f726567656e65726174657c693a313537333033333239303b636172747c613a303a7b7d),
('lbu6og2kqvq8f0c1hk2bvic5fsicsvnp', '34.234.54.252', 1573033290, 0x5f5f63695f6c6173745f726567656e65726174657c693a313537333033333239303b636172747c613a303a7b7d),
('bu1490us02butdig0dn3un92labjp507', '34.234.54.252', 1573033290, 0x5f5f63695f6c6173745f726567656e65726174657c693a313537333033333239303b636172747c613a303a7b7d),
('r73tg301cj63p9478fc9694jfp57oqqf', '34.234.54.252', 1573033289, 0x5f5f63695f6c6173745f726567656e65726174657c693a313537333033333238393b636172747c613a303a7b7d),
('9vj0dkqn6ohq62mog5nf1278fkkvv4p0', '141.8.142.87', 1572866892, 0x5f5f63695f6c6173745f726567656e65726174657c693a313537323836363839313b636172747c613a303a7b7d),
('dgsb3vjl0mi5rmpcm4ks67gfe0ppnnqa', '37.9.113.74', 1572758649, 0x5f5f63695f6c6173745f726567656e65726174657c693a313537323735383634393b),
('eahvderj6fuc32eq1fimr3kmieou6ss0', '2a01:e0a:15c:18c0:7864:60fe:8748:6d24', 1572539891, 0x5f5f63695f6c6173745f726567656e65726174657c693a313537323533393839303b636172747c613a303a7b7d),
('5ksuqqfmpfjp1u0nf1mq2rl30220o5o6', '141.8.142.39', 1572470721, 0x5f5f63695f6c6173745f726567656e65726174657c693a313537323437303732313b636172747c613a303a7b7d),
('2pjpnv440idf7knh73mddujkabv33t8g', '2a01:e0a:15c:18c0:35f1:31c2:f92a:c1bc', 1572101729, 0x5f5f63695f6c6173745f726567656e65726174657c693a313537323130313732393b636172747c613a303a7b7d),
('cimiaheod2grd4veh70m6fctn4hk38mg', '2a01:e0a:15c:18c0:35f1:31c2:f92a:c1bc', 1572101729, 0x5f5f63695f6c6173745f726567656e65726174657c693a313537323130313732393b636172747c613a303a7b7d),
('vflajscuem6poark394ggfq8h6k4gbjl', '5.45.207.81', 1572058965, 0x5f5f63695f6c6173745f726567656e65726174657c693a313537323035383936353b636172747c613a303a7b7d),
('m0q4u4rin0vbrat25etn5vnbqd0jfkmt', '2a01:cb04:179:4900:d9d3:37b1:6f7b:d98', 1571913268, 0x5f5f63695f6c6173745f726567656e65726174657c693a313537313931333236383b636172747c613a313a7b693a313b733a313a2232223b7d61647265737365737c613a31383a7b733a383a22757365726e616d65223b733a303a22223b733a353a227665726966223b733a343a2231323334223b733a383a22636976696c697479223b733a313a224d223b733a343a226e616d65223b733a373a224e6f6c6c656175223b733a393a2266697273746e616d65223b733a363a224a756c69656e223b733a373a2261646472657373223b733a32333a22323420416c6cc3a96520646573206d6172696e69657273223b733a383a22706f7374636f6465223b733a353a223435383030223b733a343a2263697479223b733a31363a225354204a45414e204445204252415945223b733a373a22636f756e747279223b733a363a224672616e6365223b733a353a22656d61696c223b733a31393a226a2e6e6f6c6c656175406f72616e67652e6672223b733a31303a22656d61696c5f636f6e66223b733a31393a226a2e6e6f6c6c656175406f72616e67652e6672223b733a31333a22736869705f636976696c697479223b733a313a224d223b733a393a22736869705f6e616d65223b733a373a224e6f6c6c656175223b733a31343a22736869705f66697273746e616d65223b733a363a224a756c69656e223b733a31323a22736869705f61646472657373223b733a32333a22323420416c6cc3a96520646573206d6172696e69657273223b733a31333a22736869705f706f7374636f6465223b733a353a223435383030223b733a393a22736869705f63697479223b733a31363a225354204a45414e204445204252415945223b733a31323a22736869705f636f756e747279223b733a363a224672616e6365223b7d),
('gv3o93a54iuutn7sjv8s29m4h14244e9', '37.9.113.108', 1571882513, 0x5f5f63695f6c6173745f726567656e65726174657c693a313537313838323531323b636172747c613a303a7b7d),
('4q6l91jhdllt0r97k6anfqji3mj4uckg', '82.64.87.48', 1571478695, 0x5f5f63695f6c6173745f726567656e65726174657c693a313537313437383637353b636172747c613a303a7b7d),
('6a7c3gqnfhpl38btfrqvrg5ogq8eq0if', '34.234.54.252', 1571174229, 0x5f5f63695f6c6173745f726567656e65726174657c693a313537313137343232393b),
('omgildj3vkjfo06g70raveqgk8kigp21', '34.234.54.252', 1571174229, 0x5f5f63695f6c6173745f726567656e65726174657c693a313537313137343232393b),
('hg98smbbdogjairb8bpclnrveo6gk53t', '34.234.54.252', 1571174229, 0x5f5f63695f6c6173745f726567656e65726174657c693a313537313137343232393b),
('n1a8o084ndfg9fe1femfdebpaintcopn', '34.234.54.252', 1571174229, 0x5f5f63695f6c6173745f726567656e65726174657c693a313537313137343232393b636172747c613a303a7b7d),
('a532lbjb6nqnkgsu7q3cfu5bvos12me6', '34.234.54.252', 1571174229, 0x5f5f63695f6c6173745f726567656e65726174657c693a313537313137343232393b636172747c613a303a7b7d),
('s7tm7f5r3g9vmdglocmi0jg42gt1ms9n', '34.234.54.252', 1571174219, 0x5f5f63695f6c6173745f726567656e65726174657c693a313537313137343231393b636172747c613a303a7b7d),
('aa3l6b6eqvq00pgsghnt5o1pu2tg7op9', '34.234.54.252', 1571174219, 0x5f5f63695f6c6173745f726567656e65726174657c693a313537313137343231393b636172747c613a303a7b7d),
('2s5q0oib9usa80m7r5eq40mkujjt9940', '34.234.54.252', 1571174219, 0x5f5f63695f6c6173745f726567656e65726174657c693a313537313137343231393b),
('2d0do567enf8b483r3t7o0mp2ncorbgc', '34.234.54.252', 1571174219, 0x5f5f63695f6c6173745f726567656e65726174657c693a313537313137343231393b636172747c613a303a7b7d),
('skb70nl6rf1c0od54347e47f0cc466mg', '34.234.54.252', 1571174219, 0x5f5f63695f6c6173745f726567656e65726174657c693a313537313137343231393b636172747c613a303a7b7d),
('34gsndonmp792kn8v6j88iedt9oc9pjh', '34.234.54.252', 1571174219, 0x5f5f63695f6c6173745f726567656e65726174657c693a313537313137343231393b636172747c613a303a7b7d),
('k2kbvsu1cvun29t03838g4cqhos26snp', '34.234.54.252', 1571174219, 0x5f5f63695f6c6173745f726567656e65726174657c693a313537313137343231393b636172747c613a303a7b7d),
('2usv9gj548m58oulvlo7jmkfb34ri3b8', '34.234.54.252', 1571174219, 0x5f5f63695f6c6173745f726567656e65726174657c693a313537313137343231393b636172747c613a303a7b7d),
('qsktlkrl2sm3fg9ei234n2mece2opsai', '34.234.54.252', 1571174219, 0x5f5f63695f6c6173745f726567656e65726174657c693a313537313137343231393b636172747c613a303a7b7d),
('mn49v8ijikg04o8v3fg66aq8g83tqqsr', '34.234.54.252', 1571174219, 0x5f5f63695f6c6173745f726567656e65726174657c693a313537313137343231393b636172747c613a303a7b7d),
('la0m3lunc3eo9jjsqaad4a59kt69tult', '34.234.54.252', 1571174209, 0x5f5f63695f6c6173745f726567656e65726174657c693a313537313137343230393b636172747c613a303a7b7d),
('ss7bjlg8bbfbcdfdjkf4torvee1leu6f', '34.234.54.252', 1571174209, 0x5f5f63695f6c6173745f726567656e65726174657c693a313537313137343230393b636172747c613a303a7b7d),
('929kd0oh8l6tetm9q59kr81htssuf51o', '34.234.54.252', 1571174209, 0x5f5f63695f6c6173745f726567656e65726174657c693a313537313137343230393b636172747c613a303a7b7d),
('a0r4rb7m2pip60dftrq11ck6tp7e2106', '34.234.54.252', 1571174209, 0x5f5f63695f6c6173745f726567656e65726174657c693a313537313137343230393b636172747c613a303a7b7d),
('vppnlcbe9mq89bo6a6409f2o77jqi2ph', '34.234.54.252', 1571174209, 0x5f5f63695f6c6173745f726567656e65726174657c693a313537313137343230393b636172747c613a303a7b7d),
('u5hrvo9mv9jdg6s2djem44cvgtrs3beo', '34.234.54.252', 1571174209, 0x5f5f63695f6c6173745f726567656e65726174657c693a313537313137343230393b636172747c613a303a7b7d),
('58sj6nup736iccn809thjr283it0j80a', '34.234.54.252', 1571174209, 0x5f5f63695f6c6173745f726567656e65726174657c693a313537313137343230393b636172747c613a303a7b7d),
('1bbm1804oabkui12dpm72b3890gr9d0n', '34.234.54.252', 1571174209, 0x5f5f63695f6c6173745f726567656e65726174657c693a313537313137343230393b636172747c613a303a7b7d),
('vhbr7njft84mm6bl23c51ptfbqpqn2jr', '34.234.54.252', 1571174209, 0x5f5f63695f6c6173745f726567656e65726174657c693a313537313137343230393b636172747c613a303a7b7d),
('nqd6mvqtl08jvg7tpqa964f03eq74fjf', '34.234.54.252', 1571174209, 0x5f5f63695f6c6173745f726567656e65726174657c693a313537313137343230393b636172747c613a303a7b7d),
('1e4svuu42gh4lnvegarvjaujs8sj296i', '34.234.54.252', 1571174206, 0x5f5f63695f6c6173745f726567656e65726174657c693a313537313137343230363b636172747c613a303a7b7d),
('5gpb0005tvcign80arp2v940s6s0jovn', '34.234.54.252', 1571174202, 0x5f5f63695f6c6173745f726567656e65726174657c693a313537313137343230323b636172747c613a303a7b7d),
('99anpsairlh0cbsm0mfgi3ocht8cacpm', '34.234.54.252', 1571174202, 0x5f5f63695f6c6173745f726567656e65726174657c693a313537313137343230323b636172747c613a303a7b7d),
('vsaa7rputgg3dbh8odjht1i17gmek5j5', '34.234.54.252', 1571033535, 0x5f5f63695f6c6173745f726567656e65726174657c693a313537313033333533353b636172747c613a303a7b7d),
('7rmck556950mbd9ffacgpgee6r28jvtg', '34.234.54.252', 1571033535, 0x5f5f63695f6c6173745f726567656e65726174657c693a313537313033333533353b),
('0f66kpdii2ursgiqt8r9lkbletst7gn7', '34.234.54.252', 1571033535, 0x5f5f63695f6c6173745f726567656e65726174657c693a313537313033333533353b),
('ooc0dmarqnmetgov3mkeo1u70act86uc', '34.234.54.252', 1571033535, 0x5f5f63695f6c6173745f726567656e65726174657c693a313537313033333533353b636172747c613a303a7b7d),
('49fac0cjckk42dh9aq69jgfa76i6e3iu', '34.234.54.252', 1571033535, 0x5f5f63695f6c6173745f726567656e65726174657c693a313537313033333533353b),
('6snk4jiiq2gcribs73ov6elds03nlk6c', '34.234.54.252', 1571033525, 0x5f5f63695f6c6173745f726567656e65726174657c693a313537313033333532353b636172747c613a303a7b7d),
('mn410sghnifjp0r92i7q7rk00vieh8gs', '34.234.54.252', 1571033525, 0x5f5f63695f6c6173745f726567656e65726174657c693a313537313033333532353b636172747c613a303a7b7d),
('dvnbdoitgu4v405l3s2ere4jrhkv5e2k', '34.234.54.252', 1571033525, 0x5f5f63695f6c6173745f726567656e65726174657c693a313537313033333532353b636172747c613a303a7b7d),
('lh13jijkhm83h1vaabv3vi062sa2ak7c', '34.234.54.252', 1571033525, 0x5f5f63695f6c6173745f726567656e65726174657c693a313537313033333532353b636172747c613a303a7b7d),
('rmira23ufnnn13pbm8v0vscjekk7cev6', '34.234.54.252', 1571033525, 0x5f5f63695f6c6173745f726567656e65726174657c693a313537313033333532353b),
('dinh3i25jcu20m2nonvackkbppvmjlt3', '34.234.54.252', 1571033525, 0x5f5f63695f6c6173745f726567656e65726174657c693a313537313033333532353b636172747c613a303a7b7d),
('3c5mc0qg8j57d3qvkog0436o96hocp72', '34.234.54.252', 1571033525, 0x5f5f63695f6c6173745f726567656e65726174657c693a313537313033333532353b636172747c613a303a7b7d),
('i9q382fa32f5blh62epvic4dncq82t35', '34.234.54.252', 1571033525, 0x5f5f63695f6c6173745f726567656e65726174657c693a313537313033333532353b636172747c613a303a7b7d),
('c0q2o11ssg9q5kbcmerffhnkhj702e6i', '34.234.54.252', 1571033525, 0x5f5f63695f6c6173745f726567656e65726174657c693a313537313033333532353b636172747c613a303a7b7d),
('183saq3ascfq0nnjcqh9mddh8r0jfipp', '34.234.54.252', 1571033525, 0x5f5f63695f6c6173745f726567656e65726174657c693a313537313033333532353b636172747c613a303a7b7d),
('f0pe3nq96usc8eefeo3uf33uii494lh0', '34.234.54.252', 1571033514, 0x5f5f63695f6c6173745f726567656e65726174657c693a313537313033333531343b636172747c613a303a7b7d),
('ojpbudame343gj5rm02vpa6f2civkfnu', '34.234.54.252', 1571033514, 0x5f5f63695f6c6173745f726567656e65726174657c693a313537313033333531343b636172747c613a303a7b7d),
('sq9l2chrdq18f4cj6n6ep517eig81e29', '34.234.54.252', 1571033514, 0x5f5f63695f6c6173745f726567656e65726174657c693a313537313033333531343b636172747c613a303a7b7d),
('mkuvob2o8r5tuti5db5k5u1cidav7vnu', '34.234.54.252', 1571033514, 0x5f5f63695f6c6173745f726567656e65726174657c693a313537313033333531343b636172747c613a303a7b7d),
('ubr6b2kc6odenagj6m11rlr97p41c31h', '34.234.54.252', 1571033514, 0x5f5f63695f6c6173745f726567656e65726174657c693a313537313033333531343b636172747c613a303a7b7d),
('h6ujosve2c11ucu5qut9i8btvr8v51ar', '34.234.54.252', 1571033514, 0x5f5f63695f6c6173745f726567656e65726174657c693a313537313033333531343b636172747c613a303a7b7d),
('grom1rj6l6fthol499tuhggbhjf9s4kg', '34.234.54.252', 1571033514, 0x5f5f63695f6c6173745f726567656e65726174657c693a313537313033333531343b636172747c613a303a7b7d),
('q4lkoiiak3pilb0l2i6dpd7tst0scko2', '34.234.54.252', 1571033514, 0x5f5f63695f6c6173745f726567656e65726174657c693a313537313033333531343b636172747c613a303a7b7d),
('9447u79p25rhe71s01fvh1f0usk5fuv7', '34.234.54.252', 1571033514, 0x5f5f63695f6c6173745f726567656e65726174657c693a313537313033333531343b636172747c613a303a7b7d),
('8cl151l37t6v38pib9n9a7ll54vbvnf2', '34.234.54.252', 1571033514, 0x5f5f63695f6c6173745f726567656e65726174657c693a313537313033333531343b636172747c613a303a7b7d),
('eit0n2c3cl629mm08sb5sirkujbh8ckp', '34.234.54.252', 1571033511, 0x5f5f63695f6c6173745f726567656e65726174657c693a313537313033333531313b636172747c613a303a7b7d),
('nbbamiaf80tdudrvku56kid5p4o414oa', '34.234.54.252', 1571033506, 0x5f5f63695f6c6173745f726567656e65726174657c693a313537313033333530363b636172747c613a303a7b7d),
('4i05e2gupd3sq38pktuno95idp8fseni', '34.234.54.252', 1571033506, 0x5f5f63695f6c6173745f726567656e65726174657c693a313537313033333530363b636172747c613a303a7b7d),
('aoqeovk58jbvilku04tmkmij9kusacj0', '178.154.200.77', 1571005873, 0x5f5f63695f6c6173745f726567656e65726174657c693a313537313030353837333b636172747c613a303a7b7d),
('ma2p7l3j0uhnnf32jt32g955em30tvc9', '5.45.207.77', 1570876020, 0x5f5f63695f6c6173745f726567656e65726174657c693a313537303837363032303b),
('uhltujsmhrr9424mfpfpettunhrprg5r', '5.45.207.55', 1570650126, 0x5f5f63695f6c6173745f726567656e65726174657c693a313537303635303132363b),
('m0vj7cgtdl8sks8v4inreqtq1urcukr9', '37.9.113.104', 1570554914, 0x5f5f63695f6c6173745f726567656e65726174657c693a313537303535343931343b636172747c613a303a7b7d),
('m1f55nrtrev5elqnc2c5asqfhf9rou7p', '141.8.142.179', 1570261453, 0x5f5f63695f6c6173745f726567656e65726174657c693a313537303236313435333b636172747c613a303a7b7d),
('csgpgjl8gjvccro6jh24cjbs6h3ksc17', '37.9.113.73', 1570228590, 0x5f5f63695f6c6173745f726567656e65726174657c693a313537303232383538393b636172747c613a303a7b7d),
('1aab4qod7ok8ki8rnc742pm9gkjjnlrc', '87.250.224.90', 1570165101, 0x5f5f63695f6c6173745f726567656e65726174657c693a313537303136353130313b636172747c613a303a7b7d),
('oei0fs4ti718eee0aqlt1qs2lcbdeg1h', '87.250.224.90', 1570038973, 0x5f5f63695f6c6173745f726567656e65726174657c693a313537303033383937333b636172747c613a303a7b7d),
('ktcdgk8lkiuknucv9ciljsb8dum8hiai', '2a01:e0a:15c:18c0:e108:68bc:8a1:efaa', 1570018542, 0x5f5f63695f6c6173745f726567656e65726174657c693a313537303031383534323b636172747c613a303a7b7d),
('p87j8s38p6ms8jq2f0dbp79ppqn5ejv3', '82.64.87.48', 1569975524, 0x5f5f63695f6c6173745f726567656e65726174657c693a313536393937353238333b636172747c613a303a7b7d),
('imhueco4272gffd9ibvt1usb8cm7e9d0', '82.64.87.48', 1569975283, 0x5f5f63695f6c6173745f726567656e65726174657c693a313536393937353238333b636172747c613a303a7b7d),
('kt1ul0te824c15rgs33bv900onljc0u6', '2a01:e0a:15c:18c0:e108:68bc:8a1:efaa', 1569944855, 0x5f5f63695f6c6173745f726567656e65726174657c693a313536393934343835303b636172747c613a303a7b7d),
('41mp6j7ljndgvelfgrv7a5umrnv1btqt', '2a01:e0a:15c:18c0:c13b:b239:4a22:f7ce', 1569683503, 0x5f5f63695f6c6173745f726567656e65726174657c693a313536393638333530333b636172747c613a313a7b693a313b733a313a2231223b7d61647265737365737c613a31383a7b733a383a22757365726e616d65223b733a303a22223b733a353a227665726966223b733a343a2231323334223b733a383a22636976696c697479223b733a313a224d223b733a343a226e616d65223b733a343a2274657374223b733a393a2266697273746e616d65223b733a343a2274657374223b733a373a2261646472657373223b733a343a2274657374223b733a383a22706f7374636f6465223b733a353a223435383030223b733a343a2263697479223b733a31363a225354204a45414e204445204252415945223b733a373a22636f756e747279223b733a363a224672616e6365223b733a353a22656d61696c223b733a32313a226a2e6e6f6c6c656175383840676d61696c2e636f6d223b733a31303a22656d61696c5f636f6e66223b733a32313a226a2e6e6f6c6c656175383840676d61696c2e636f6d223b733a31333a22736869705f636976696c697479223b733a313a224d223b733a393a22736869705f6e616d65223b733a343a2274657374223b733a31343a22736869705f66697273746e616d65223b733a343a2274657374223b733a31323a22736869705f61646472657373223b733a343a2274657374223b733a31333a22736869705f706f7374636f6465223b733a353a223435383030223b733a393a22736869705f63697479223b733a31363a225354204a45414e204445204252415945223b733a31323a22736869705f636f756e747279223b733a363a224672616e6365223b7d),
('avhuqji1dbeuv0he7cmpbvf2nl8ulc19', '2a01:e0a:15c:18c0:c13b:b239:4a22:f7ce', 1569683904, 0x5f5f63695f6c6173745f726567656e65726174657c693a313536393638333930343b636172747c613a313a7b693a313b693a323b7d61647265737365737c613a31383a7b733a383a22757365726e616d65223b733a303a22223b733a353a227665726966223b733a343a2231323334223b733a383a22636976696c697479223b733a313a224d223b733a343a226e616d65223b733a343a2274657374223b733a393a2266697273746e616d65223b733a343a2274657374223b733a373a2261646472657373223b733a343a2274657374223b733a383a22706f7374636f6465223b733a353a223435383030223b733a343a2263697479223b733a383a22434f4d424c455558223b733a373a22636f756e747279223b733a363a224672616e6365223b733a353a22656d61696c223b733a32313a226a2e6e6f6c6c656175383840676d61696c2e636f6d223b733a31303a22656d61696c5f636f6e66223b733a32313a226a2e6e6f6c6c656175383840676d61696c2e636f6d223b733a31333a22736869705f636976696c697479223b733a313a224d223b733a393a22736869705f6e616d65223b733a343a2274657374223b733a31343a22736869705f66697273746e616d65223b733a343a2274657374223b733a31323a22736869705f61646472657373223b733a343a2274657374223b733a31333a22736869705f706f7374636f6465223b733a353a223435383030223b733a393a22736869705f63697479223b733a383a22434f4d424c455558223b733a31323a22736869705f636f756e747279223b733a363a224672616e6365223b7d),
('9dafsls1rmgntegei24htn61lcope9b5', '2a01:e0a:15c:18c0:c13b:b239:4a22:f7ce', 1569685962, 0x5f5f63695f6c6173745f726567656e65726174657c693a313536393638353936323b636172747c613a313a7b693a313b693a323b7d61647265737365737c613a31383a7b733a383a22757365726e616d65223b733a303a22223b733a353a227665726966223b733a343a2231323334223b733a383a22636976696c697479223b733a313a224d223b733a343a226e616d65223b733a343a2274657374223b733a393a2266697273746e616d65223b733a343a2274657374223b733a373a2261646472657373223b733a343a2274657374223b733a383a22706f7374636f6465223b733a353a223435383030223b733a343a2263697479223b733a383a22434f4d424c455558223b733a373a22636f756e747279223b733a363a224672616e6365223b733a353a22656d61696c223b733a32313a226a2e6e6f6c6c656175383840676d61696c2e636f6d223b733a31303a22656d61696c5f636f6e66223b733a32313a226a2e6e6f6c6c656175383840676d61696c2e636f6d223b733a31333a22736869705f636976696c697479223b733a313a224d223b733a393a22736869705f6e616d65223b733a343a2274657374223b733a31343a22736869705f66697273746e616d65223b733a343a2274657374223b733a31323a22736869705f61646472657373223b733a343a2274657374223b733a31333a22736869705f706f7374636f6465223b733a353a223435383030223b733a393a22736869705f63697479223b733a383a22434f4d424c455558223b733a31323a22736869705f636f756e747279223b733a363a224672616e6365223b7d),
('c8fh2lug8mv70fvdh9gnp0ogconds76h', '2a01:e0a:15c:18c0:c13b:b239:4a22:f7ce', 1569686361, 0x5f5f63695f6c6173745f726567656e65726174657c693a313536393638363336313b636172747c613a313a7b693a313b693a333b7d61647265737365737c613a31383a7b733a383a22757365726e616d65223b733a303a22223b733a353a227665726966223b733a343a2231323334223b733a383a22636976696c697479223b733a313a224d223b733a343a226e616d65223b733a343a2274657374223b733a393a2266697273746e616d65223b733a343a2274657374223b733a373a2261646472657373223b733a343a2274657374223b733a383a22706f7374636f6465223b733a353a223435383030223b733a343a2263697479223b733a31363a225354204a45414e204445204252415945223b733a373a22636f756e747279223b733a363a224672616e6365223b733a353a22656d61696c223b733a32313a226a2e6e6f6c6c656175383840676d61696c2e636f6d223b733a31303a22656d61696c5f636f6e66223b733a32313a226a2e6e6f6c6c656175383840676d61696c2e636f6d223b733a31333a22736869705f636976696c697479223b733a313a224d223b733a393a22736869705f6e616d65223b733a343a2274657374223b733a31343a22736869705f66697273746e616d65223b733a343a2274657374223b733a31323a22736869705f61646472657373223b733a343a2274657374223b733a31333a22736869705f706f7374636f6465223b733a353a223435383030223b733a393a22736869705f63697479223b733a31363a225354204a45414e204445204252415945223b733a31323a22736869705f636f756e747279223b733a363a224672616e6365223b7d6572726f727c733a37333a22556e6520657272657572206573742073757276656e75652c20766575696c6c657a2076c3a972696669657220766f7320696e666f726d6174696f6e7320646520706169656d656e742e223b5f5f63695f766172737c613a313a7b733a353a226572726f72223b733a333a226f6c64223b7d),
('srjpmh8edcfbb0i3nd4ufamh32fd68pe', '2a01:e0a:15c:18c0:c13b:b239:4a22:f7ce', 1569686953, 0x5f5f63695f6c6173745f726567656e65726174657c693a313536393638363935333b61647265737365737c613a31383a7b733a383a22757365726e616d65223b733a303a22223b733a353a227665726966223b733a343a2231323334223b733a383a22636976696c697479223b733a313a224d223b733a343a226e616d65223b733a343a2274657374223b733a393a2266697273746e616d65223b733a343a2274657374223b733a373a2261646472657373223b733a343a2274657374223b733a383a22706f7374636f6465223b733a353a223435383030223b733a343a2263697479223b733a31363a225354204a45414e204445204252415945223b733a373a22636f756e747279223b733a363a224672616e6365223b733a353a22656d61696c223b733a32313a226a2e6e6f6c6c656175383840676d61696c2e636f6d223b733a31303a22656d61696c5f636f6e66223b733a32313a226a2e6e6f6c6c656175383840676d61696c2e636f6d223b733a31333a22736869705f636976696c697479223b733a313a224d223b733a393a22736869705f6e616d65223b733a343a2274657374223b733a31343a22736869705f66697273746e616d65223b733a343a2274657374223b733a31323a22736869705f61646472657373223b733a343a2274657374223b733a31333a22736869705f706f7374636f6465223b733a353a223435383030223b733a393a22736869705f63697479223b733a31363a225354204a45414e204445204252415945223b733a31323a22736869705f636f756e747279223b733a363a224672616e6365223b7d636172747c613a313a7b693a313b733a313a2231223b7d),
('plmmq27dkltitfr0cgff022ktsd1s17s', '2a01:e0a:15c:18c0:c13b:b239:4a22:f7ce', 1569689434, 0x5f5f63695f6c6173745f726567656e65726174657c693a313536393638393433343b636172747c613a303a7b7d),
('2voubrjk9gnft9j5feghakv8r74lpfsi', '2a01:cb00:83a5:ee00:bc4f:10e3:3094:b354', 1569750860, 0x5f5f63695f6c6173745f726567656e65726174657c693a313536393735303739363b636172747c613a303a7b7d),
('58omn45po8t4ossrtrb79q7mb43cpgp5', '2a01:e0a:15c:18c0:31e4:61e6:89ba:c2ec', 1569853307, 0x5f5f63695f6c6173745f726567656e65726174657c693a313536393835333330373b636172747c613a303a7b7d),
('29htfag3bmhmbvf9plqs9kas7ilo96o0', '2a01:e0a:15c:18c0:e108:68bc:8a1:efaa', 1569941118, 0x5f5f63695f6c6173745f726567656e65726174657c693a313536393934313131383b636172747c613a303a7b7d),
('h6gm55djp4enk874gm9o907h1o2unnbb', '2a01:e0a:15c:18c0:e108:68bc:8a1:efaa', 1569942340, 0x5f5f63695f6c6173745f726567656e65726174657c693a313536393934323334303b636172747c613a303a7b7d),
('mddtl9hpajt8si732qfqqh04k9vs786p', '2a01:e0a:15c:18c0:e108:68bc:8a1:efaa', 1569944850, 0x5f5f63695f6c6173745f726567656e65726174657c693a313536393934343835303b636172747c613a303a7b7d),
('uriksmteq5tkquiq6loh731omc3gols1', '34.234.54.252', 1573033295, 0x5f5f63695f6c6173745f726567656e65726174657c693a313537333033333239353b636172747c613a303a7b7d),
('j4emsv9tkudg6778j54i3lpf8kndte5e', '34.234.54.252', 1573033295, 0x5f5f63695f6c6173745f726567656e65726174657c693a313537333033333239353b636172747c613a303a7b7d),
('fof20eo8n0uvq4a3vvtaui4kj4q0i1h3', '34.234.54.252', 1573033295, 0x5f5f63695f6c6173745f726567656e65726174657c693a313537333033333239353b636172747c613a303a7b7d),
('n44l2lo76tm6gfa8iduq5md39r6al99o', '34.234.54.252', 1573033295, 0x5f5f63695f6c6173745f726567656e65726174657c693a313537333033333239353b636172747c613a303a7b7d),
('frt5nhubba6j7tc1d3r968mvefq00pkt', '34.234.54.252', 1573033295, 0x5f5f63695f6c6173745f726567656e65726174657c693a313537333033333239353b636172747c613a303a7b7d),
('91cd09rv8lrm02jaf75rq1ie0gl7cabe', '34.234.54.252', 1573033295, 0x5f5f63695f6c6173745f726567656e65726174657c693a313537333033333239353b636172747c613a303a7b7d),
('taan556tn6m3dnctkju98ruvptor1koi', '34.234.54.252', 1573033295, 0x5f5f63695f6c6173745f726567656e65726174657c693a313537333033333239353b636172747c613a303a7b7d),
('anqmvb3n2fus2mqdk12tcr5urng4rt6s', '34.234.54.252', 1573033295, 0x5f5f63695f6c6173745f726567656e65726174657c693a313537333033333239353b636172747c613a303a7b7d),
('n1usgjp968all8ootoskn2hc1u5sfndu', '34.234.54.252', 1573033295, 0x5f5f63695f6c6173745f726567656e65726174657c693a313537333033333239353b636172747c613a303a7b7d),
('9gvtk4f5kfr9cr2feegrb0dqju1vpbjm', '34.234.54.252', 1573033305, 0x5f5f63695f6c6173745f726567656e65726174657c693a313537333033333330353b636172747c613a303a7b7d),
('38uim852jv246peco8829clvkm46v0nn', '34.234.54.252', 1573033305, 0x5f5f63695f6c6173745f726567656e65726174657c693a313537333033333330353b636172747c613a303a7b7d),
('qo66fqde82p772s19bpi8nn7j7c895a9', '34.234.54.252', 1573033305, 0x5f5f63695f6c6173745f726567656e65726174657c693a313537333033333330353b636172747c613a303a7b7d),
('b4pcrgf6ispqg9v7jjmvaktb6hrkk8k1', '34.234.54.252', 1573033305, 0x5f5f63695f6c6173745f726567656e65726174657c693a313537333033333330353b636172747c613a303a7b7d),
('es1pe0eacjahg401qaji4gh000dtsp0p', '34.234.54.252', 1573033305, 0x5f5f63695f6c6173745f726567656e65726174657c693a313537333033333330353b636172747c613a303a7b7d),
('332hmtrkvbrcjrr9vsl8ns0djguc09oe', '34.234.54.252', 1573033305, 0x5f5f63695f6c6173745f726567656e65726174657c693a313537333033333330353b636172747c613a303a7b7d),
('cpqevf74jikvejhesvj8eo65g6ehjout', '34.234.54.252', 1573033305, 0x5f5f63695f6c6173745f726567656e65726174657c693a313537333033333330353b),
('tdafe75mjt04n6lhpveiivu6jgjrbvpk', '34.234.54.252', 1573033305, 0x5f5f63695f6c6173745f726567656e65726174657c693a313537333033333330353b636172747c613a303a7b7d),
('6hak4ojhg2mnqb12nd1s8gb2b10qda8i', '34.234.54.252', 1573033305, 0x5f5f63695f6c6173745f726567656e65726174657c693a313537333033333330353b636172747c613a303a7b7d),
('olksqbafhfpvf32tq6qrfudo2equ2n4t', '34.234.54.252', 1573033305, 0x5f5f63695f6c6173745f726567656e65726174657c693a313537333033333330353b636172747c613a303a7b7d),
('41qhae3abpdg4o1f38fkak0ap9a657ia', '34.234.54.252', 1573033315, 0x5f5f63695f6c6173745f726567656e65726174657c693a313537333033333331353b),
('d052964fcg5qpfnaodg84uh5oldag2rm', '34.234.54.252', 1573033315, 0x5f5f63695f6c6173745f726567656e65726174657c693a313537333033333331353b636172747c613a303a7b7d),
('krrna19ku1ovmbg2g42hjsp8mm2a5i7m', '34.234.54.252', 1573033315, 0x5f5f63695f6c6173745f726567656e65726174657c693a313537333033333331353b),
('eaqmk4kvi1dprl4s4rb6nr5neadoo2ed', '34.234.54.252', 1573033315, 0x5f5f63695f6c6173745f726567656e65726174657c693a313537333033333331353b636172747c613a303a7b7d),
('8mrbl8di762asqq9tgj93dsc3kuvvgke', '34.234.54.252', 1573033315, 0x5f5f63695f6c6173745f726567656e65726174657c693a313537333033333331353b),
('bsv7vggbtlomi67u942q7q2fsevmdgka', '87.250.224.87', 1573065821, 0x5f5f63695f6c6173745f726567656e65726174657c693a313537333036353832313b636172747c613a303a7b7d),
('755nd66e3d2gs9jpv30achdh5cnihtes', '141.8.188.66', 1573462895, 0x5f5f63695f6c6173745f726567656e65726174657c693a313537333436323839343b636172747c613a303a7b7d),
('aunbefv8qogngtds78tu4qiqgbob2aun', '2a01:e0a:15c:18c0:4123:1b8d:25e7:2fac', 1573897246, 0x5f5f63695f6c6173745f726567656e65726174657c693a313537333839373234363b636172747c613a303a7b7d),
('3dr5ubdvnh4aock3sbv03p5hsc6rd0k9', '62.210.34.211', 1574516239, 0x5f5f63695f6c6173745f726567656e65726174657c693a313537343531363233393b636172747c613a303a7b7d),
('v1p8u1dbktlogvft8ov2ops29k2em5hl', '62.210.34.211', 1574516346, 0x5f5f63695f6c6173745f726567656e65726174657c693a313537343531363233393b636172747c613a303a7b7d),
('ehvil3ron2p1csb1k635s2b9snlfpldd', '78.250.196.137', 1574769604, 0x5f5f63695f6c6173745f726567656e65726174657c693a313537343736393630343b636172747c613a303a7b7d),
('f2ii1t82nkr41lplmhbqjhlomcgr0f6i', '178.154.200.30', 1575423852, 0x5f5f63695f6c6173745f726567656e65726174657c693a313537353432333835323b636172747c613a303a7b7d),
('p5mh1j8a6feclala7jug533b61l9iur6', '5.45.207.81', 1575474583, 0x5f5f63695f6c6173745f726567656e65726174657c693a313537353437343538333b636172747c613a303a7b7d),
('vfrs97fmc5aaqf2k8mp4c7pl65j6ml1q', '82.64.87.48', 1575825443, 0x5f5f63695f6c6173745f726567656e65726174657c693a313537353832353434333b636172747c613a303a7b7d),
('orp884jdcnlb4b20blneeeuqn838om92', '82.64.87.48', 1575820213, 0x5f5f63695f6c6173745f726567656e65726174657c693a313537353832303231333b),
('l1gt3k7c26cvvm1d2djdsnno3lh80ujm', '93.23.248.218', 1575820240, 0x5f5f63695f6c6173745f726567656e65726174657c693a313537353832303233393b),
('mld5fvrsp18ujtiue7gj8kvedsgp1llb', '82.64.87.48', 1575825465, 0x5f5f63695f6c6173745f726567656e65726174657c693a313537353832353434333b636172747c613a303a7b7d),
('v2limsn8m1uaf3v4ra05pus7u85c3t5v', '127.0.0.1', 1594487097, 0x5f5f63695f6c6173745f726567656e65726174657c693a313539343438373038333b636172747c613a303a7b7d),
('jb0uq4fsao2hivcvg33q65r106eq4jkt', '::1', 1594487092, 0x5f5f63695f6c6173745f726567656e65726174657c693a313539343438373039323b636172747c613a303a7b7d);

-- --------------------------------------------------------

--
-- Structure de la table `clients`
--

CREATE TABLE `clients` (
  `id_client` int(10) UNSIGNED NOT NULL,
  `civility` char(4) CHARACTER SET latin1 NOT NULL,
  `name` varchar(30) CHARACTER SET latin1 NOT NULL,
  `firstname` varchar(30) CHARACTER SET latin1 NOT NULL,
  `address` varchar(150) CHARACTER SET latin1 NOT NULL,
  `cp` char(5) NOT NULL,
  `city` varchar(50) CHARACTER SET latin1 NOT NULL,
  `country` varchar(50) CHARACTER SET latin1 NOT NULL,
  `email` varchar(50) CHARACTER SET ascii NOT NULL,
  `signin_date` datetime NOT NULL
) ENGINE=InnoDB DEFAULT CHARSET=utf8;

--
-- Déchargement des données de la table `clients`
--

INSERT INTO `clients` (`id_client`, `civility`, `name`, `firstname`, `address`, `cp`, `city`, `country`, `email`, `signin_date`) VALUES
(1, 'Mme', 'DEPONT', 'Catherine', '14 rue de la roncelette', '77123', 'TOUSSON', 'France', 'catdep91@orange.fr', '2014-12-09 19:37:59'),
(10, 'Mme', 'LESPAGNON', 'Sophie', '11 grande rue', '91510', 'JANVILLE SUR JUINE', 'France', 'sophie.lespagnon@laposte.net', '2016-03-21 19:08:48'),
(11, 'M.', 'JOVENE', 'Patrick', '24 avenue des perdrix', '93370', 'MONTFERMEIL', 'France', 'jovene.patrick@gmail.com', '2016-11-12 16:04:53'),
(12, 'Mme', 'JOVENE', 'Nathalie', '24 avenue des perdrix', '93370', 'MONTFERMEIL', 'France', 'n.jovene@gmail.com', '2016-12-06 18:41:25'),
(13, 'Mme', 'VAUCHELLES', 'Marguerite', '22 rue d&#039;Autouillet', '78770', 'MARCQ', 'France', 'marguerite@vauchelles.com', '2016-12-17 10:49:00'),
(14, 'Mme', 'LESPAGNON', 'Sophie.lespagnon', '11 Grande rue 91510 janville sur juine, 11', '91510', 'JANVILLE SUR JUINE', 'France', 'sophie.lespagnon@laposte.net', '2017-05-29 14:34:34'),
(15, 'Mme', 'MARGEOT', 'Odile', '10bvd de la reine', '78000', 'VERSAILLES', 'France', 'Cyclone.mer91@laposte.net', '2017-07-22 09:17:26'),
(16, 'M.', 'BARRAUD', 'Vincent', '2bis rue victor hugo', '91300', 'MASSY', 'France', 'vincent.barraud@free.fr', '2017-12-17 14:02:59'),
(17, 'M.', 'VIONNET', 'Bruno', '101 bât A rue du 8 mai 1945', '91300', 'MASSY', 'France', 'brunovionnet@aol.com', '2018-01-19 20:54:22'),
(18, 'M.', 'BORDIER', 'Vincent', '49 rue Leon Blum', '91220', 'BRETIGNY SUR ORGE', 'France', 'vincentbordier@free.fr', '2018-10-26 08:35:19'),
(19, 'Mlle', 'BRELURU EULLIOT', 'Virginie', '13 avenue des Fauvettes', '93370', 'MONTFERMEIL', 'France', 'v.breluru@hotmail.fr', '2018-12-08 12:30:48'),
(20, 'M.', 'CRITON', 'Eric', 'rue de la Poste, 105 A', '38140', 'RENAGE', 'France', 'criton.eric@neuf.fr', '2019-05-01 20:21:13'),
(61, 'M', 'TEST', 'Test', '24 allée des mariniers', '45800', 'ST JEAN DE BRAYE', 'ALLEMAGNE', 'j.nolleau@orange.fr', '2019-08-05 15:07:28'),
(62, 'M', 'NOLLEAU', 'Julien', '24 allée des mariniers', '51290', 'ST REMY EN BOUZEMONT ST GENEST ISSON', 'FRANCE', 'j.nolleau88@gmail.com', '2019-08-05 15:33:55'),
(63, 'M', 'NOLLEAU', 'Julien', '24 allée des mariniers', '45800', 'ST JEAN DE BRAYE', 'FRANCE', 'j.nolleau88@gmail.com', '2019-08-05 15:49:26'),
(64, 'M', 'TEST', 'Test', 'test', '45800', 'ST JEAN DE BRAYE', 'FRANCE', 'j.nolleau@orange.fr', '2019-08-12 00:56:39'),
(65, 'M', 'TEST', 'Test', 'test', '88500', 'VOMECOURT SUR MADON', 'FRANCE', 'j.nolleau@orange.fr', '2019-08-12 23:53:20'),
(66, 'Mme', 'NOM D&#039;TEST', 'Le-test', '25 d&#039;has', '12400', 'ST VICTOR ET MELVIEU', 'FRANCE', 'test@test.fr', '2019-08-15 17:38:28'),
(67, 'M', 'TEST', 'Test', 'test', '45800', 'ST JEAN DE BRAYE', 'FRANCE', 'j.nolleau88@gmail.com', '2019-09-28 15:53:23'),
(68, 'M', 'TEST', 'Test', 'test', '45800', 'ST JEAN DE BRAYE', 'FRANCE', 'j.nolleau88@gmail.com', '2019-09-28 15:55:00'),
(69, 'M', 'TEST', 'Test', 'test', '45800', 'ST JEAN DE BRAYE', 'FRANCE', 'j.nolleau88@gmail.com', '2019-09-28 16:00:02'),
(70, 'M', 'TEST', 'Test', 'test', '45800', 'ST JEAN DE BRAYE', 'FRANCE', 'j.nolleau88@gmail.com', '2019-09-28 16:09:28'),
(71, 'M', 'TEST', 'Test', 'test', '45800', 'ST JEAN DE BRAYE', 'FRANCE', 'j.nolleau@orange.fr', '2019-09-28 16:52:08'),
(72, 'M', 'NOLLEAU', 'Julien', '24 Allée des mariniers', '45800', 'ST JEAN DE BRAYE', 'FRANCE', 'j.nolleau@orange.fr', '2019-10-24 10:34:29'),
(73, 'M', 'TEST', 'Test', '24 allée des mariniers', '45800', 'ST JEAN DE BRAYE', 'FRANCE', 'j.nolleau88@gmail.com', '2019-12-30 17:10:17'),
(74, 'M', 'TEST', 'Test', 'test', '45800', 'ST JEAN DE BRAYE', 'FRANCE', 'j.nolleau88@gmail.com', '2019-12-30 23:08:48'),
(75, 'M', 'NOLLEAU', 'Julien', '24 allée des mariniers', '45800', 'ST JEAN DE BRAYE', 'FRANCE', 'j.nolleau88@gmail.com', '2020-01-15 14:34:41'),
(76, 'M', 'NOLLEAU', 'Julien', '24 allée des mariniers', '45800', 'ST JEAN DE BRAYE', 'FRANCE', 'j.nolleau88@gmail.com', '2020-01-15 14:37:10'),
(77, 'M', 'NOLLEAU', 'Julien', '24 allee des mariniers', '45800', 'ST JEAN DE BRAYE', 'FRANCE', 'j.nolleau@orange.fr', '2020-08-29 20:37:39'),
(78, 'M', 'NOLLEAU', 'Julien', '24 allee des mariniers', '45800', 'ST JEAN DE BRAYE', 'FRANCE', 'j.nolleau@orange.fr', '2020-08-29 20:44:10'),
(79, 'M', 'NOLLEAU', 'Julien', '24 allee des mariniers', '45800', 'COMBLEUX', 'FRANCE', 'j.nolleau@gmail.com', '2020-08-29 20:50:43'),
(80, 'M', 'NOLLEAU', 'Julien', '24 allee des mariniers', '45800', 'COMBLEUX', 'FRANCE', 'j.nolleau@gmail.com', '2020-08-29 20:51:44'),
(81, 'M', 'NOLLEAU', 'Julien', '24 allee des mariniers', '45800', 'ST JEAN DE BRAYE', 'FRANCE', 'j.nolleau@gmail.com', '2020-08-29 20:52:34'),
(82, 'M', 'NOLLEAU', 'Julien', '24 allee des mariniers', '45800', 'ST JEAN DE BRAYE', 'FRANCE', 'j.nolleau88@gmail.com', '2020-08-29 21:00:12'),
(83, 'M', 'NOLLEAU', 'Julien', '24 allee des mariniers', '45800', 'ST JEAN DE BRAYE', 'FRANCE', 'j.nolleau88@gmail.com', '2020-08-29 21:00:53'),
(84, 'M', 'NOLLEAU', 'Julien', '24 allee des mariniers', '45200', 'MONTARGIS', 'FRANCE', 'j.nolleau88@gmail.com', '2020-08-29 21:01:27'),
(85, 'M', 'NOLLEAU', 'Julien', '24 allee des mariniers', '91150', 'PUISELET LE MARAIS', 'FRANCE', 'j.nolleau88@gmail.com', '2020-08-29 23:05:04'),
(86, 'Mme', 'TEST', 'Marie', '24 allee des mariniers', '56350', 'ST JEAN LA POTERIE', 'FRANCE', 'j.nolleau88@gmail.com', '2020-08-29 23:19:19'),
(87, 'Mme', 'AIIE', 'Et fines herbes', '24 allee des mariniers', '63380', 'CONDAT EN COMBRAILLE', 'FRANCE', 'j.nolleau88@gmail.com', '2020-08-30 10:51:56'),
(88, 'Mme', 'RALALA', 'Anna', '30 rue du pre', '56230', 'QUESTEMBERT', 'FRANCE', 'j.nolleau88@gmail.com', '2020-08-30 10:57:41'),
(89, 'Mme', 'TESTX', 'TestX', '25 zdal zdzadazj', '68520', 'BURNHAUPT LE BAS', 'FRANCE', 'j.nolleau88@gmail.com', '2020-08-30 11:11:45'),
(90, 'Mme', 'MARIE', 'LABRADOR', '12 test de test', '79160', 'COULONGES SUR L AUTIZE', 'FRANCE', 'j.nolleau88@gmail.com', '2020-08-30 11:33:57'),
(91, 'Mme', 'MARIE', 'Madeleine', '42 kdqzh kdahdakj', '51490', 'DONTRIEN', 'FRANCE', 'j.nolleau88@gmail.com', '2020-08-30 12:05:31'),
(92, 'Mme', 'RELALA', 'LALAL', '12 rue dlqkdq d', '12360', 'PEUX ET COUFFOULEUX', 'FRANCE', 'j.nolleau88@gmail.com', '2020-08-30 12:15:04'),
(93, 'Mme', 'AIL', 'ETFINESHERBES', '41 rue de lognon', '23450', 'FRESSELINES', 'FRANCE', 'j.nolleau88@gmail.com', '2020-08-30 12:28:27'),
(94, 'Mme', 'NOM1', 'PRENOM1', '42 rue une', '66360', 'NYER', 'FRANCE', 'j.nolleau88@gmail.com', '2020-08-30 12:35:26'),
(95, 'M', 'NOM1', 'PRENOM1', '24 allee des mariniers', '08300', 'THUGNY TRUGNY', 'FRANCE', 'j.nolleau88@gmail.com', '2020-08-30 12:48:13'),
(96, 'M', 'TEST-IMG', 'Julien', '24 allee des mariniers', '27190', 'STE MARTHE', 'FRANCE', 'j.nolleau88@gmail.com', '2020-08-30 13:06:24'),
(97, 'M', 'TEST-IMG', 'Julien', '24 allee des mariniers', '57630', 'XANREY', 'FRANCE', 'j.nolleau88@gmail.com', '2020-08-30 13:18:34'),
(98, 'M', 'LASL-IMG', 'Test-img', '25 test', '39160', 'ST AMOUR', 'FRANCE', 'j.nolleau88@gmail.com', '2020-08-30 13:30:06'),
(99, 'M', 'NOLLEAU', 'Julien', '24 allee des mariniers', '21910', 'NOIRON SOUS GEVREY', 'FRANCE', 'j.nolleau88@gmail.com', '2020-08-30 13:31:32'),
(100, 'M', 'ORANGE', 'TEst', '452 rue orange', '77580', 'VILLIERS SUR MORIN', 'FRANCE', 'j.nolleau@orange.fr', '2020-08-30 13:36:14'),
(101, 'M', 'TEST-ORANGE', 'NOT-EMBED', '24 allee des mariniers', '45200', 'AMILLY', 'FRANCE', 'j.nolleau@orange.fr', '2020-08-30 15:16:50'),
(102, 'M', 'TEST PDF', 'Pdf-test', '24 allee des mariniers', '12560', 'ST SATURNIN DE LENNE', 'FRANCE', 'j.nolleau88@gmail.com', '2020-08-30 16:28:58'),
(103, 'M', 'TEST-PDF-ORANGE', 'Julien', '24 allee des mariniers', '26400', 'GRANE', 'FRANCE', 'j.nolleau@orange.fr', '2020-08-30 16:31:43'),
(104, 'M', 'NOLLEAU', 'Julien', '24 allee des mariniers', '45800', 'ST JEAN DE BRAYE', 'FRANCE', 'j.nolleau88@gmail.com', '2020-08-30 17:30:22'),
(105, 'M', 'TEST-PROD', 'Qty-zero', '24 allee des mariniers', '45230', 'LA CHAPELLE SUR AVEYRON', 'FRANCE', 'j.nolleau88@gmail.com', '2020-08-31 15:30:01'),
(106, 'M', 'NOLLEAU', 'Julien', 'julien', '45800', 'COMBLEUX', 'FRANCE', 'j.nolleau88@gmail.com', '2020-09-02 16:08:00'),
(107, 'M', 'TEST', 'Checkbox', '24 allee des mariniers', '23500', 'CLAIRAVAUX', 'FRANCE', 'j.nolleau88@gmail.com', '2020-09-03 18:26:44'),
(108, 'Mme', 'SILVAIN ', 'Julie', '24 allée des mariniers', '45800', 'ST JEAN DE BRAYE', 'FRANCE', 'julie.silvain@gmail.com', '2020-09-07 19:10:09'),
(109, 'M', 'TEST', 'Mobile', '12 avenue de nulllepart', '35890', 'BOURG DES COMPTES', 'FRANCE', 'j.nolleau88@gmail.com', '2020-09-07 19:13:04'),
(110, 'Mme', 'SILVAIN ', 'Julie', '24 allée des mariniers', '45800', 'ST JEAN DE BRAYE', 'FRANCE', 'julie.silvain@gmail.com', '2020-09-07 19:15:14'),
(111, 'M', 'SILVAIN', 'Julie', '24 allée des mariniers', '45800', 'ST JEAN DE BRAYE', 'FRANCE', 'julie.silvain@gmail.com', '2020-09-07 19:18:01'),
(112, 'M', 'NOLLEAU', 'Julien', '24 allee des mariniers', '45800', 'ST JEAN DE BRAYE', 'FRANCE', 'j.nolleau88@gmail.com', '2020-09-07 19:26:31'),
(113, 'M', 'TEST-MAIL', 'Julien', '24 allee des mariniers', '62550', 'FONTAINE LES HERMANS', 'FRANCE', 'j.nolleau88@gmail.com', '2020-09-07 19:39:58');

-- --------------------------------------------------------

--
-- Structure de la table `events`
--

CREATE TABLE `events` (
  `id` int(11) NOT NULL,
  `name` varchar(150) NOT NULL,
  `starts` date NOT NULL,
  `ends` date NOT NULL,
  `schedule_starts` time NOT NULL,
  `schedule_ends` time NOT NULL,
  `location` varchar(150) NOT NULL,
  `url` varchar(150) CHARACTER SET ascii NOT NULL,
  `details` text NOT NULL,
  `last_updated` datetime NOT NULL
) ENGINE=MyISAM DEFAULT CHARSET=utf8;

--
-- Déchargement des données de la table `events`
--

INSERT INTO `events` (`id`, `name`, `starts`, `ends`, `schedule_starts`, `schedule_ends`, `location`, `url`, `details`, `last_updated`) VALUES
(1, 'Marché 1', '2019-07-16', '2019-07-17', '10:00:00', '18:00:00', 'Test', 'https://www.facebook.com/pg/safrandelaventue/events/', 'Test', '2019-08-07 12:15:06'),
(2, '72e Foire de l\'Essonne verte', '2019-08-09', '2019-08-10', '11:00:00', '17:30:00', 'Etampes', 'https://www.facebook.com/pg/safrandelaventue/events/', 'BlaBlaBlaBlaBlaBlaBlaBlaBlaBlaBlaBlaBlaBla', '2019-08-07 12:15:06'),
(3, 'Marché 3', '2019-09-22', '2019-09-23', '11:11:00', '11:56:00', 'PARIS 03', 'https://www.facebook.com/pg/safrandelaventue/events/', 'Il n\'y a pas de précision sur cet évènement.', '2019-08-07 12:15:06'),
(4, 'Marché 4', '2019-08-12', '2019-08-31', '09:00:00', '18:00:00', 'PUISELET LE MARAIS', 'https://www.facebook.com/pg/safrandelaventue/events/', 'TEST-TEST-TEST-TEST-TEST-TEST-TEST-TEST-TEST-TEST-TEST', '2019-08-07 12:15:06'),
(5, ' Journées du Patrimoine au Château de Mesnil-Voysin', '2019-09-21', '2019-09-21', '10:00:00', '18:00:00', 'Bouray', 'https://www.facebook.com/events/376869082907401/', 'Visite commentée du pigeonnier, de la chapelle, du grand salon d\'un appartement de compagnons, du four à pain.  Dans le grand salon : Exposition de cartes postales du château. Apiculteur avec ruche vivante, graveur sur verre  Dans la cour des communs : Exposition de voitures anciennes, Tourneur sur bois Fabrication et dégustation de pains, Forgeron, Couvreurs, Jus de pomme, Marché Gourmand et artisanat, Démonstration de chiens de berger, Exposition de peintures, Animations et démonstrations diverses.  Entrée gratuite', '2019-08-07 12:15:06'),
(6, '	Marché 6', '2019-07-29', '2019-07-30', '00:00:00', '00:00:00', 'Saint-jean-de-braye', 'https://www.facebook.com/pg/safrandelaventue/events/', 'blabla', '2019-08-07 12:15:06'),
(7, '	Marché 7', '2020-07-23', '2020-10-24', '00:00:00', '00:00:00', 'La Teste De Buch', 'https://www.facebook.com/pg/safrandelaventue/events/', 'Il n\'y a pas de précision sur cet évènement.', '2019-08-07 12:15:06'),
(8, 'Marché du terroir de Vayres-sur-Essonne', '2019-09-29', '2019-09-29', '10:00:00', '18:00:00', 'Vayres-sur-Essonne', 'https://www.facebook.com/pg/safrandelaventue/events/', 'Il n\'y a pas de précision sur cet évènement.', '2019-08-07 12:15:06'),
(9, 'Marché 9', '2019-10-01', '2019-10-02', '09:00:00', '10:00:00', 'Lamarque Rustaing', 'https://www.facebook.com/pg/safrandelaventue/events/', 'Il n\'y a pas de précision sur cet évènement.', '2019-08-07 12:15:06'),
(10, 'Salon de truc muche', '2019-08-08', '2019-08-08', '09:00:00', '18:00:00', 'St Georges De Montaigu', 'https://www.facebook.com/pg/safrandelaventue/events/', 'Il n\'y a pas de précision sur cet évènement.', '2019-08-07 12:15:06'),
(18, 'Evenement', '2019-08-16', '2019-08-16', '00:00:00', '00:00:00', '', 'https://www.facebook.com/pg/safrandelaventue/events/', 'Il n\'y a pas de précision sur cet évènement.', '2019-08-15 17:16:18'),
(26, 'Test', '2019-08-15', '2019-08-16', '10:00:00', '18:00:00', 'Montclar', 'https://www.facebook.com/pg/safrandelaventue/events/', 'Il n\'y a pas de précision sur cet évènement.', '2019-08-15 17:51:14'),
(25, 'Test D\'evenenent', '2019-08-15', '2019-08-15', '10:00:00', '18:00:00', '', 'https://www.facebook.com/pg/safrandelaventue/events/', 'Il n\'y a pas de précision sur cet évènement.', '2019-08-15 17:48:16'),
(24, 'Évènement D\'été', '2019-08-16', '2019-08-19', '00:00:00', '00:00:00', '', 'https://www.facebook.com/pg/safrandelaventue/events/', 'Il n\'y a pas de précision sur cet évènement.', '2019-08-15 17:25:51'),
(27, 'Evenement 42', '2019-11-23', '2019-11-24', '10:00:00', '18:00:00', 'Paris 17', 'https://www.facebook.com/pg/safrandelaventue/events/', 'TEst', '2019-11-23 13:37:22'),
(28, 'Test', '2019-12-13', '2019-12-14', '09:00:00', '18:00:00', 'Paris 17', 'https://www.facebook.com/pg/safrandelaventue/events/', 'TEEEEEEEEEEEEESSSSSSSSSSSSSSSSTTTTTTTTTTTTTT', '2019-12-13 00:05:19'),
(29, 'Marche Test', '2020-01-15', '2020-01-16', '09:00:00', '18:00:00', 'St Pryve St Mesmin', 'https://www.facebook.com/pg/safrandelaventue/events/', 'Lorem ipsum dolor sit amet, consectetur adipisicing elit, sed do eiusmod\r\ntempor incididunt ut labore et dolore magna aliqua. Ut enim ad minim veniam,\r\nquis nostrud exercitation ullamco laboris nisi ut aliquip ex ea commodo\r\nconsequat. Duis aute irure dolor in reprehenderit in voluptate velit esse\r\ncillum dolore eu fugiat nulla pariatur. Excepteur sint occaecat cupidatat non\r\nproident, sunt in culpa qui officia deserunt mollit anim id est laborum.', '2020-01-15 14:39:46'),
(30, 'Test Du 29 Aout', '2020-08-30', '2020-08-31', '10:00:00', '18:00:00', 'St Jean De Braye', 'https://www.facebook.com/pg/safrandelaventue/events/', 'No details', '2020-08-29 19:23:49');

-- --------------------------------------------------------

--
-- Structure de la table `news`
--

CREATE TABLE `news` (
  `id` int(11) NOT NULL,
  `content` varchar(150) CHARACTER SET utf8 COLLATE utf8_unicode_ci NOT NULL,
  `date` date NOT NULL
) ENGINE=MyISAM DEFAULT CHARSET=utf8;

--
-- Déchargement des données de la table `news`
--

INSERT INTO `news` (`id`, `content`, `date`) VALUES
(1, 'La vente des bulbes est ouverte !', '2019-08-15'),
(2, 'TEST2', '2019-08-16'),
(3, 'test 3', '2019-08-17');

-- --------------------------------------------------------

--
-- Structure de la table `orders`
--

CREATE TABLE `orders` (
  `id_order` int(10) UNSIGNED NOT NULL,
  `order_nbr` char(15) NOT NULL,
  `order_date` datetime NOT NULL,
  `client_id` int(10) UNSIGNED NOT NULL,
  `order_total` decimal(6,2) UNSIGNED NOT NULL,
  `delivery_costs` decimal(4,2) UNSIGNED NOT NULL,
  `payment_type` varchar(30) NOT NULL COMMENT 'cb, paypal ou cheque',
  `shipping_status` varchar(50) NOT NULL DEFAULT 'à traiter',
  `shipping_date` datetime DEFAULT NULL,
  `transaction_id` varchar(50) NOT NULL,
  `transation_status` varchar(30) NOT NULL,
  `fee_amount` decimal(6,2) NOT NULL,
  `details` text NOT NULL COMMENT 'resArray'
) ENGINE=InnoDB DEFAULT CHARSET=utf8;

--
-- Déchargement des données de la table `orders`
--

INSERT INTO `orders` (`id_order`, `order_nbr`, `order_date`, `client_id`, `order_total`, `delivery_costs`, `payment_type`, `shipping_status`, `shipping_date`, `transaction_id`, `transation_status`, `fee_amount`, `details`) VALUES
(1, '', '2014-12-09 19:37:59', 1, '33.00', '5.00', 'CB', 'expediée', '2014-12-10 19:53:14', '19510754LK7027454', 'Completed', '1.37', 'a:44:{s:5:\"TOKEN\";s:20:\"EC-5F504399XH284212T\";s:30:\"BILLINGAGREEMENTACCEPTEDSTATUS\";s:1:\"0\";s:14:\"CHECKOUTSTATUS\";s:25:\"PaymentActionNotInitiated\";s:9:\"TIMESTAMP\";s:20:\"2014-12-09T18:37:54Z\";s:13:\"CORRELATIONID\";s:13:\"bc3986c3718f5\";s:3:\"ACK\";s:7:\"Success\";s:7:\"VERSION\";s:2:\"93\";s:5:\"BUILD\";s:8:\"14107150\";s:5:\"EMAIL\";s:18:\"catdep91@orange.fr\";s:7:\"PAYERID\";s:13:\"VMRNE5MYEJM3C\";s:11:\"PAYERSTATUS\";s:10:\"unverified\";s:9:\"FIRSTNAME\";s:9:\"catherine\";s:8:\"LASTNAME\";s:6:\"depont\";s:11:\"COUNTRYCODE\";s:2:\"FR\";s:10:\"SHIPTONAME\";s:6:\"DEPONT\";s:12:\"SHIPTOSTREET\";s:23:\"14 rue de la roncelette\";s:10:\"SHIPTOCITY\";s:7:\"TOUSSON\";s:9:\"SHIPTOZIP\";s:5:\"77123\";s:17:\"SHIPTOCOUNTRYCODE\";s:2:\"FR\";s:17:\"SHIPTOCOUNTRYNAME\";s:6:\"France\";s:13:\"ADDRESSSTATUS\";s:11:\"Unconfirmed\";s:12:\"CURRENCYCODE\";s:3:\"EUR\";s:3:\"AMT\";s:5:\"33.00\";s:11:\"SHIPPINGAMT\";s:4:\"5.00\";s:11:\"HANDLINGAMT\";s:4:\"0.00\";s:6:\"TAXAMT\";s:4:\"0.00\";s:12:\"INSURANCEAMT\";s:4:\"0.00\";s:11:\"SHIPDISCAMT\";s:4:\"0.00\";s:29:\"PAYMENTREQUEST_0_CURRENCYCODE\";s:3:\"EUR\";s:20:\"PAYMENTREQUEST_0_AMT\";s:5:\"33.00\";s:28:\"PAYMENTREQUEST_0_SHIPPINGAMT\";s:4:\"5.00\";s:28:\"PAYMENTREQUEST_0_HANDLINGAMT\";s:4:\"0.00\";s:23:\"PAYMENTREQUEST_0_TAXAMT\";s:4:\"0.00\";s:29:\"PAYMENTREQUEST_0_INSURANCEAMT\";s:4:\"0.00\";s:28:\"PAYMENTREQUEST_0_SHIPDISCAMT\";s:4:\"0.00\";s:39:\"PAYMENTREQUEST_0_INSURANCEOPTIONOFFERED\";s:5:\"false\";s:27:\"PAYMENTREQUEST_0_SHIPTONAME\";s:6:\"DEPONT\";s:29:\"PAYMENTREQUEST_0_SHIPTOSTREET\";s:23:\"14 rue de la roncelette\";s:27:\"PAYMENTREQUEST_0_SHIPTOCITY\";s:7:\"TOUSSON\";s:26:\"PAYMENTREQUEST_0_SHIPTOZIP\";s:5:\"77123\";s:34:\"PAYMENTREQUEST_0_SHIPTOCOUNTRYCODE\";s:2:\"FR\";s:34:\"PAYMENTREQUEST_0_SHIPTOCOUNTRYNAME\";s:6:\"France\";s:30:\"PAYMENTREQUEST_0_ADDRESSSTATUS\";s:11:\"Unconfirmed\";s:30:\"PAYMENTREQUESTINFO_0_ERRORCODE\";s:1:\"0\";}'),
(10, '', '2016-03-21 19:08:48', 10, '28.00', '5.00', 'paypal', 'expediée', '2016-03-22 19:56:11', '1L071070DS130014A', 'Completed', '1.20', 'a:44:{s:5:\"TOKEN\";s:20:\"EC-3CV541762M657551G\";s:30:\"BILLINGAGREEMENTACCEPTEDSTATUS\";s:1:\"0\";s:14:\"CHECKOUTSTATUS\";s:25:\"PaymentActionNotInitiated\";s:9:\"TIMESTAMP\";s:20:\"2016-03-21T19:08:43Z\";s:13:\"CORRELATIONID\";s:13:\"3533f35ad128d\";s:3:\"ACK\";s:7:\"Success\";s:7:\"VERSION\";s:2:\"93\";s:5:\"BUILD\";s:8:\"18316154\";s:5:\"EMAIL\";s:28:\"sophie.lespagnon@laposte.net\";s:7:\"PAYERID\";s:13:\"RCZSRDPBTDC6S\";s:11:\"PAYERSTATUS\";s:8:\"verified\";s:9:\"FIRSTNAME\";s:6:\"sophie\";s:8:\"LASTNAME\";s:9:\"lespagnon\";s:11:\"COUNTRYCODE\";s:2:\"FR\";s:10:\"SHIPTONAME\";s:9:\"LESPAGNON\";s:12:\"SHIPTOSTREET\";s:14:\"11  grande rue\";s:10:\"SHIPTOCITY\";s:18:\"JANVILLE SUR JUINE\";s:9:\"SHIPTOZIP\";s:5:\"91510\";s:17:\"SHIPTOCOUNTRYCODE\";s:2:\"FR\";s:17:\"SHIPTOCOUNTRYNAME\";s:6:\"France\";s:13:\"ADDRESSSTATUS\";s:11:\"Unconfirmed\";s:12:\"CURRENCYCODE\";s:3:\"EUR\";s:3:\"AMT\";s:5:\"28.00\";s:11:\"SHIPPINGAMT\";s:4:\"5.00\";s:11:\"HANDLINGAMT\";s:4:\"0.00\";s:6:\"TAXAMT\";s:4:\"0.00\";s:12:\"INSURANCEAMT\";s:4:\"0.00\";s:11:\"SHIPDISCAMT\";s:4:\"0.00\";s:29:\"PAYMENTREQUEST_0_CURRENCYCODE\";s:3:\"EUR\";s:20:\"PAYMENTREQUEST_0_AMT\";s:5:\"28.00\";s:28:\"PAYMENTREQUEST_0_SHIPPINGAMT\";s:4:\"5.00\";s:28:\"PAYMENTREQUEST_0_HANDLINGAMT\";s:4:\"0.00\";s:23:\"PAYMENTREQUEST_0_TAXAMT\";s:4:\"0.00\";s:29:\"PAYMENTREQUEST_0_INSURANCEAMT\";s:4:\"0.00\";s:28:\"PAYMENTREQUEST_0_SHIPDISCAMT\";s:4:\"0.00\";s:39:\"PAYMENTREQUEST_0_INSURANCEOPTIONOFFERED\";s:5:\"false\";s:27:\"PAYMENTREQUEST_0_SHIPTONAME\";s:9:\"LESPAGNON\";s:29:\"PAYMENTREQUEST_0_SHIPTOSTREET\";s:14:\"11  grande rue\";s:27:\"PAYMENTREQUEST_0_SHIPTOCITY\";s:18:\"JANVILLE SUR JUINE\";s:26:\"PAYMENTREQUEST_0_SHIPTOZIP\";s:5:\"91510\";s:34:\"PAYMENTREQUEST_0_SHIPTOCOUNTRYCODE\";s:2:\"FR\";s:34:\"PAYMENTREQUEST_0_SHIPTOCOUNTRYNAME\";s:6:\"France\";s:30:\"PAYMENTREQUEST_0_ADDRESSSTATUS\";s:11:\"Unconfirmed\";s:30:\"PAYMENTREQUESTINFO_0_ERRORCODE\";s:1:\"0\";}'),
(11, '', '2016-11-12 16:04:53', 11, '50.00', '0.00', 'paypal', 'expediée', '2016-11-14 12:51:03', '8JM0479121868934T', 'Completed', '1.95', 'a:48:{s:5:\"TOKEN\";s:20:\"EC-1B259952YH112104F\";s:30:\"BILLINGAGREEMENTACCEPTEDSTATUS\";s:1:\"0\";s:14:\"CHECKOUTSTATUS\";s:25:\"PaymentActionNotInitiated\";s:9:\"TIMESTAMP\";s:20:\"2016-11-12T16:04:50Z\";s:13:\"CORRELATIONID\";s:13:\"f1cd46b6f355b\";s:3:\"ACK\";s:7:\"Success\";s:7:\"VERSION\";s:2:\"93\";s:5:\"BUILD\";s:8:\"26966222\";s:5:\"EMAIL\";s:22:\"patrick.jovene@neuf.fr\";s:7:\"PAYERID\";s:13:\"H9Y3PDXV9EFKU\";s:11:\"PAYERSTATUS\";s:8:\"verified\";s:9:\"FIRSTNAME\";s:7:\"patrick\";s:8:\"LASTNAME\";s:7:\"jovené\";s:11:\"COUNTRYCODE\";s:2:\"FR\";s:10:\"SHIPTONAME\";s:7:\"JOVENé\";s:12:\"SHIPTOSTREET\";s:21:\"24 avenue des perdrix\";s:10:\"SHIPTOCITY\";s:11:\"MONTFERMEIL\";s:9:\"SHIPTOZIP\";s:5:\"93370\";s:17:\"SHIPTOCOUNTRYCODE\";s:2:\"FR\";s:17:\"SHIPTOCOUNTRYNAME\";s:6:\"France\";s:13:\"ADDRESSSTATUS\";s:9:\"Confirmed\";s:12:\"CURRENCYCODE\";s:3:\"EUR\";s:3:\"AMT\";s:5:\"50.00\";s:7:\"ITEMAMT\";s:5:\"50.00\";s:11:\"SHIPPINGAMT\";s:4:\"0.00\";s:11:\"HANDLINGAMT\";s:4:\"0.00\";s:6:\"TAXAMT\";s:4:\"0.00\";s:12:\"INSURANCEAMT\";s:4:\"0.00\";s:11:\"SHIPDISCAMT\";s:4:\"0.00\";s:22:\"INSURANCEOPTIONOFFERED\";s:5:\"false\";s:29:\"PAYMENTREQUEST_0_CURRENCYCODE\";s:3:\"EUR\";s:20:\"PAYMENTREQUEST_0_AMT\";s:5:\"50.00\";s:24:\"PAYMENTREQUEST_0_ITEMAMT\";s:5:\"50.00\";s:28:\"PAYMENTREQUEST_0_SHIPPINGAMT\";s:4:\"0.00\";s:28:\"PAYMENTREQUEST_0_HANDLINGAMT\";s:4:\"0.00\";s:23:\"PAYMENTREQUEST_0_TAXAMT\";s:4:\"0.00\";s:29:\"PAYMENTREQUEST_0_INSURANCEAMT\";s:4:\"0.00\";s:28:\"PAYMENTREQUEST_0_SHIPDISCAMT\";s:4:\"0.00\";s:38:\"PAYMENTREQUEST_0_SELLERPAYPALACCOUNTID\";s:20:\"la-ventue@wanadoo.fr\";s:39:\"PAYMENTREQUEST_0_INSURANCEOPTIONOFFERED\";s:5:\"false\";s:27:\"PAYMENTREQUEST_0_SHIPTONAME\";s:7:\"JOVENé\";s:29:\"PAYMENTREQUEST_0_SHIPTOSTREET\";s:21:\"24 avenue des perdrix\";s:27:\"PAYMENTREQUEST_0_SHIPTOCITY\";s:11:\"MONTFERMEIL\";s:26:\"PAYMENTREQUEST_0_SHIPTOZIP\";s:5:\"93370\";s:34:\"PAYMENTREQUEST_0_SHIPTOCOUNTRYCODE\";s:2:\"FR\";s:34:\"PAYMENTREQUEST_0_SHIPTOCOUNTRYNAME\";s:6:\"France\";s:30:\"PAYMENTREQUEST_0_ADDRESSSTATUS\";s:9:\"Confirmed\";s:30:\"PAYMENTREQUESTINFO_0_ERRORCODE\";s:1:\"0\";}'),
(12, '', '2016-12-06 18:41:25', 12, '55.00', '5.00', 'paypal', 'expediée', '2016-12-07 08:23:08', '5UA19429C4076235J', 'Completed', '2.12', 'a:48:{s:5:\"TOKEN\";s:20:\"EC-2YW85643M6559470R\";s:30:\"BILLINGAGREEMENTACCEPTEDSTATUS\";s:1:\"0\";s:14:\"CHECKOUTSTATUS\";s:25:\"PaymentActionNotInitiated\";s:9:\"TIMESTAMP\";s:20:\"2016-12-06T18:41:21Z\";s:13:\"CORRELATIONID\";s:13:\"e3f9de75d6b3a\";s:3:\"ACK\";s:7:\"Success\";s:7:\"VERSION\";s:2:\"93\";s:5:\"BUILD\";s:6:\"000000\";s:5:\"EMAIL\";s:22:\"patrick.jovene@neuf.fr\";s:7:\"PAYERID\";s:13:\"H9Y3PDXV9EFKU\";s:11:\"PAYERSTATUS\";s:8:\"verified\";s:9:\"FIRSTNAME\";s:7:\"patrick\";s:8:\"LASTNAME\";s:7:\"jovené\";s:11:\"COUNTRYCODE\";s:2:\"FR\";s:10:\"SHIPTONAME\";s:6:\"JOVENE\";s:12:\"SHIPTOSTREET\";s:21:\"24 avenue des perdrix\";s:10:\"SHIPTOCITY\";s:11:\"MONTFERMEIL\";s:9:\"SHIPTOZIP\";s:5:\"93370\";s:17:\"SHIPTOCOUNTRYCODE\";s:2:\"FR\";s:17:\"SHIPTOCOUNTRYNAME\";s:6:\"France\";s:13:\"ADDRESSSTATUS\";s:9:\"Confirmed\";s:12:\"CURRENCYCODE\";s:3:\"EUR\";s:3:\"AMT\";s:5:\"55.00\";s:7:\"ITEMAMT\";s:5:\"50.00\";s:11:\"SHIPPINGAMT\";s:4:\"5.00\";s:11:\"HANDLINGAMT\";s:4:\"0.00\";s:6:\"TAXAMT\";s:4:\"0.00\";s:12:\"INSURANCEAMT\";s:4:\"0.00\";s:11:\"SHIPDISCAMT\";s:4:\"0.00\";s:22:\"INSURANCEOPTIONOFFERED\";s:5:\"false\";s:29:\"PAYMENTREQUEST_0_CURRENCYCODE\";s:3:\"EUR\";s:20:\"PAYMENTREQUEST_0_AMT\";s:5:\"55.00\";s:24:\"PAYMENTREQUEST_0_ITEMAMT\";s:5:\"50.00\";s:28:\"PAYMENTREQUEST_0_SHIPPINGAMT\";s:4:\"5.00\";s:28:\"PAYMENTREQUEST_0_HANDLINGAMT\";s:4:\"0.00\";s:23:\"PAYMENTREQUEST_0_TAXAMT\";s:4:\"0.00\";s:29:\"PAYMENTREQUEST_0_INSURANCEAMT\";s:4:\"0.00\";s:28:\"PAYMENTREQUEST_0_SHIPDISCAMT\";s:4:\"0.00\";s:38:\"PAYMENTREQUEST_0_SELLERPAYPALACCOUNTID\";s:20:\"la-ventue@wanadoo.fr\";s:39:\"PAYMENTREQUEST_0_INSURANCEOPTIONOFFERED\";s:5:\"false\";s:27:\"PAYMENTREQUEST_0_SHIPTONAME\";s:6:\"JOVENE\";s:29:\"PAYMENTREQUEST_0_SHIPTOSTREET\";s:21:\"24 avenue des perdrix\";s:27:\"PAYMENTREQUEST_0_SHIPTOCITY\";s:11:\"MONTFERMEIL\";s:26:\"PAYMENTREQUEST_0_SHIPTOZIP\";s:5:\"93370\";s:34:\"PAYMENTREQUEST_0_SHIPTOCOUNTRYCODE\";s:2:\"FR\";s:34:\"PAYMENTREQUEST_0_SHIPTOCOUNTRYNAME\";s:6:\"France\";s:30:\"PAYMENTREQUEST_0_ADDRESSSTATUS\";s:9:\"Confirmed\";s:30:\"PAYMENTREQUESTINFO_0_ERRORCODE\";s:1:\"0\";}'),
(13, '', '2016-12-17 10:49:00', 13, '32.00', '5.00', 'CB', 'expediée', '2016-12-19 13:04:25', '15E30818HV865123Y', 'Completed', '1.34', 'a:48:{s:5:\"TOKEN\";s:20:\"EC-00282326X71789341\";s:30:\"BILLINGAGREEMENTACCEPTEDSTATUS\";s:1:\"0\";s:14:\"CHECKOUTSTATUS\";s:25:\"PaymentActionNotInitiated\";s:9:\"TIMESTAMP\";s:20:\"2016-12-17T10:48:55Z\";s:13:\"CORRELATIONID\";s:13:\"d02afbdc483b2\";s:3:\"ACK\";s:7:\"Success\";s:7:\"VERSION\";s:2:\"93\";s:5:\"BUILD\";s:6:\"000000\";s:5:\"EMAIL\";s:25:\"marguerite@vauchelles.com\";s:7:\"PAYERID\";s:13:\"DRJDWN498PVL2\";s:11:\"PAYERSTATUS\";s:10:\"unverified\";s:9:\"FIRSTNAME\";s:10:\"Marguerite\";s:8:\"LASTNAME\";s:10:\"Vauchelles\";s:11:\"COUNTRYCODE\";s:2:\"FR\";s:10:\"SHIPTONAME\";s:10:\"VAUCHELLES\";s:12:\"SHIPTOSTREET\";s:8:\"22 rue d\";s:10:\"SHIPTOCITY\";s:5:\"MARCQ\";s:9:\"SHIPTOZIP\";s:5:\"78770\";s:17:\"SHIPTOCOUNTRYCODE\";s:2:\"FR\";s:17:\"SHIPTOCOUNTRYNAME\";s:6:\"France\";s:13:\"ADDRESSSTATUS\";s:9:\"Confirmed\";s:12:\"CURRENCYCODE\";s:3:\"EUR\";s:3:\"AMT\";s:5:\"32.00\";s:7:\"ITEMAMT\";s:5:\"27.00\";s:11:\"SHIPPINGAMT\";s:4:\"5.00\";s:11:\"HANDLINGAMT\";s:4:\"0.00\";s:6:\"TAXAMT\";s:4:\"0.00\";s:12:\"INSURANCEAMT\";s:4:\"0.00\";s:11:\"SHIPDISCAMT\";s:4:\"0.00\";s:22:\"INSURANCEOPTIONOFFERED\";s:5:\"false\";s:29:\"PAYMENTREQUEST_0_CURRENCYCODE\";s:3:\"EUR\";s:20:\"PAYMENTREQUEST_0_AMT\";s:5:\"32.00\";s:24:\"PAYMENTREQUEST_0_ITEMAMT\";s:5:\"27.00\";s:28:\"PAYMENTREQUEST_0_SHIPPINGAMT\";s:4:\"5.00\";s:28:\"PAYMENTREQUEST_0_HANDLINGAMT\";s:4:\"0.00\";s:23:\"PAYMENTREQUEST_0_TAXAMT\";s:4:\"0.00\";s:29:\"PAYMENTREQUEST_0_INSURANCEAMT\";s:4:\"0.00\";s:28:\"PAYMENTREQUEST_0_SHIPDISCAMT\";s:4:\"0.00\";s:38:\"PAYMENTREQUEST_0_SELLERPAYPALACCOUNTID\";s:20:\"la-ventue@wanadoo.fr\";s:39:\"PAYMENTREQUEST_0_INSURANCEOPTIONOFFERED\";s:5:\"false\";s:27:\"PAYMENTREQUEST_0_SHIPTONAME\";s:10:\"VAUCHELLES\";s:29:\"PAYMENTREQUEST_0_SHIPTOSTREET\";s:8:\"22 rue d\";s:27:\"PAYMENTREQUEST_0_SHIPTOCITY\";s:5:\"MARCQ\";s:26:\"PAYMENTREQUEST_0_SHIPTOZIP\";s:5:\"78770\";s:34:\"PAYMENTREQUEST_0_SHIPTOCOUNTRYCODE\";s:2:\"FR\";s:34:\"PAYMENTREQUEST_0_SHIPTOCOUNTRYNAME\";s:6:\"France\";s:30:\"PAYMENTREQUEST_0_ADDRESSSTATUS\";s:9:\"Confirmed\";s:30:\"PAYMENTREQUESTINFO_0_ERRORCODE\";s:1:\"0\";}'),
(14, '', '2017-05-29 14:34:34', 14, '32.00', '5.00', 'paypal', 'expediée', '2017-05-29 16:53:40', '08F57804LU554061F', 'Completed', '1.34', 'a:48:{s:5:\"TOKEN\";s:20:\"EC-9N888026TE7835143\";s:30:\"BILLINGAGREEMENTACCEPTEDSTATUS\";s:1:\"0\";s:14:\"CHECKOUTSTATUS\";s:25:\"PaymentActionNotInitiated\";s:9:\"TIMESTAMP\";s:20:\"2017-05-29T14:34:29Z\";s:13:\"CORRELATIONID\";s:13:\"90040cda7ec4f\";s:3:\"ACK\";s:7:\"Success\";s:7:\"VERSION\";s:2:\"93\";s:5:\"BUILD\";s:8:\"33980541\";s:5:\"EMAIL\";s:28:\"sophie.lespagnon@laposte.net\";s:7:\"PAYERID\";s:13:\"RCZSRDPBTDC6S\";s:11:\"PAYERSTATUS\";s:8:\"verified\";s:9:\"FIRSTNAME\";s:6:\"sophie\";s:8:\"LASTNAME\";s:9:\"lespagnon\";s:11:\"COUNTRYCODE\";s:2:\"FR\";s:10:\"SHIPTONAME\";s:9:\"LESPAGNON\";s:12:\"SHIPTOSTREET\";s:42:\"11 Grande rue 91510 janville sur juine, 11\";s:10:\"SHIPTOCITY\";s:18:\"JANVILLE SUR JUINE\";s:9:\"SHIPTOZIP\";s:5:\"91510\";s:17:\"SHIPTOCOUNTRYCODE\";s:2:\"FR\";s:17:\"SHIPTOCOUNTRYNAME\";s:6:\"France\";s:13:\"ADDRESSSTATUS\";s:9:\"Confirmed\";s:12:\"CURRENCYCODE\";s:3:\"EUR\";s:3:\"AMT\";s:5:\"32.00\";s:7:\"ITEMAMT\";s:5:\"27.00\";s:11:\"SHIPPINGAMT\";s:4:\"5.00\";s:11:\"HANDLINGAMT\";s:4:\"0.00\";s:6:\"TAXAMT\";s:4:\"0.00\";s:12:\"INSURANCEAMT\";s:4:\"0.00\";s:11:\"SHIPDISCAMT\";s:4:\"0.00\";s:22:\"INSURANCEOPTIONOFFERED\";s:5:\"false\";s:29:\"PAYMENTREQUEST_0_CURRENCYCODE\";s:3:\"EUR\";s:20:\"PAYMENTREQUEST_0_AMT\";s:5:\"32.00\";s:24:\"PAYMENTREQUEST_0_ITEMAMT\";s:5:\"27.00\";s:28:\"PAYMENTREQUEST_0_SHIPPINGAMT\";s:4:\"5.00\";s:28:\"PAYMENTREQUEST_0_HANDLINGAMT\";s:4:\"0.00\";s:23:\"PAYMENTREQUEST_0_TAXAMT\";s:4:\"0.00\";s:29:\"PAYMENTREQUEST_0_INSURANCEAMT\";s:4:\"0.00\";s:28:\"PAYMENTREQUEST_0_SHIPDISCAMT\";s:4:\"0.00\";s:38:\"PAYMENTREQUEST_0_SELLERPAYPALACCOUNTID\";s:20:\"la-ventue@wanadoo.fr\";s:39:\"PAYMENTREQUEST_0_INSURANCEOPTIONOFFERED\";s:5:\"false\";s:27:\"PAYMENTREQUEST_0_SHIPTONAME\";s:9:\"LESPAGNON\";s:29:\"PAYMENTREQUEST_0_SHIPTOSTREET\";s:42:\"11 Grande rue 91510 janville sur juine, 11\";s:27:\"PAYMENTREQUEST_0_SHIPTOCITY\";s:18:\"JANVILLE SUR JUINE\";s:26:\"PAYMENTREQUEST_0_SHIPTOZIP\";s:5:\"91510\";s:34:\"PAYMENTREQUEST_0_SHIPTOCOUNTRYCODE\";s:2:\"FR\";s:34:\"PAYMENTREQUEST_0_SHIPTOCOUNTRYNAME\";s:6:\"France\";s:30:\"PAYMENTREQUEST_0_ADDRESSSTATUS\";s:9:\"Confirmed\";s:30:\"PAYMENTREQUESTINFO_0_ERRORCODE\";s:1:\"0\";}'),
(15, '', '2017-07-22 09:17:26', 15, '53.00', '5.00', 'CB', 'expediée', '2017-08-08 17:18:03', '3LH150505B355452F', 'Completed', '2.05', 'a:48:{s:5:\"TOKEN\";s:20:\"EC-1WK10427V6306415J\";s:30:\"BILLINGAGREEMENTACCEPTEDSTATUS\";s:1:\"0\";s:14:\"CHECKOUTSTATUS\";s:25:\"PaymentActionNotInitiated\";s:9:\"TIMESTAMP\";s:20:\"2017-07-22T09:17:21Z\";s:13:\"CORRELATIONID\";s:13:\"13b4ce1a1eda0\";s:3:\"ACK\";s:7:\"Success\";s:7:\"VERSION\";s:2:\"93\";s:5:\"BUILD\";s:8:\"36715329\";s:5:\"EMAIL\";s:25:\"cyclone.mer91@laposte.net\";s:7:\"PAYERID\";s:13:\"U7E5UY7TDFVW8\";s:11:\"PAYERSTATUS\";s:10:\"unverified\";s:9:\"FIRSTNAME\";s:12:\"CAPVAL-CAPUS\";s:8:\"LASTNAME\";s:15:\"Margeot-Bernard\";s:11:\"COUNTRYCODE\";s:2:\"FR\";s:10:\"SHIPTONAME\";s:12:\"CAPVAL-CAPUS\";s:12:\"SHIPTOSTREET\";s:17:\"3 Avenue Salonina\";s:10:\"SHIPTOCITY\";s:4:\"NICE\";s:9:\"SHIPTOZIP\";s:5:\"06000\";s:17:\"SHIPTOCOUNTRYCODE\";s:2:\"FR\";s:17:\"SHIPTOCOUNTRYNAME\";s:6:\"France\";s:13:\"ADDRESSSTATUS\";s:9:\"Confirmed\";s:12:\"CURRENCYCODE\";s:3:\"EUR\";s:3:\"AMT\";s:5:\"53.00\";s:7:\"ITEMAMT\";s:5:\"48.00\";s:11:\"SHIPPINGAMT\";s:4:\"5.00\";s:11:\"HANDLINGAMT\";s:4:\"0.00\";s:6:\"TAXAMT\";s:4:\"0.00\";s:12:\"INSURANCEAMT\";s:4:\"0.00\";s:11:\"SHIPDISCAMT\";s:4:\"0.00\";s:22:\"INSURANCEOPTIONOFFERED\";s:5:\"false\";s:29:\"PAYMENTREQUEST_0_CURRENCYCODE\";s:3:\"EUR\";s:20:\"PAYMENTREQUEST_0_AMT\";s:5:\"53.00\";s:24:\"PAYMENTREQUEST_0_ITEMAMT\";s:5:\"48.00\";s:28:\"PAYMENTREQUEST_0_SHIPPINGAMT\";s:4:\"5.00\";s:28:\"PAYMENTREQUEST_0_HANDLINGAMT\";s:4:\"0.00\";s:23:\"PAYMENTREQUEST_0_TAXAMT\";s:4:\"0.00\";s:29:\"PAYMENTREQUEST_0_INSURANCEAMT\";s:4:\"0.00\";s:28:\"PAYMENTREQUEST_0_SHIPDISCAMT\";s:4:\"0.00\";s:38:\"PAYMENTREQUEST_0_SELLERPAYPALACCOUNTID\";s:20:\"la-ventue@wanadoo.fr\";s:39:\"PAYMENTREQUEST_0_INSURANCEOPTIONOFFERED\";s:5:\"false\";s:27:\"PAYMENTREQUEST_0_SHIPTONAME\";s:12:\"CAPVAL-CAPUS\";s:29:\"PAYMENTREQUEST_0_SHIPTOSTREET\";s:17:\"3 Avenue Salonina\";s:27:\"PAYMENTREQUEST_0_SHIPTOCITY\";s:4:\"NICE\";s:26:\"PAYMENTREQUEST_0_SHIPTOZIP\";s:5:\"06000\";s:34:\"PAYMENTREQUEST_0_SHIPTOCOUNTRYCODE\";s:2:\"FR\";s:34:\"PAYMENTREQUEST_0_SHIPTOCOUNTRYNAME\";s:6:\"France\";s:30:\"PAYMENTREQUEST_0_ADDRESSSTATUS\";s:9:\"Confirmed\";s:30:\"PAYMENTREQUESTINFO_0_ERRORCODE\";s:1:\"0\";}'),
(16, '', '2017-12-17 14:02:59', 16, '103.00', '0.00', 'CB', 'expediée', '2017-12-19 10:56:10', '7CB441790R350392M', 'Completed', '3.75', 'a:48:{s:5:\"TOKEN\";s:20:\"EC-5Y000946RB130464B\";s:30:\"BILLINGAGREEMENTACCEPTEDSTATUS\";s:1:\"0\";s:14:\"CHECKOUTSTATUS\";s:25:\"PaymentActionNotInitiated\";s:9:\"TIMESTAMP\";s:20:\"2017-12-17T14:02:56Z\";s:13:\"CORRELATIONID\";s:13:\"904de54315453\";s:3:\"ACK\";s:7:\"Success\";s:7:\"VERSION\";s:2:\"93\";s:5:\"BUILD\";s:8:\"40680762\";s:5:\"EMAIL\";s:23:\"vincent.barraud@free.fr\";s:7:\"PAYERID\";s:13:\"2R3U7QS7VWS42\";s:11:\"PAYERSTATUS\";s:10:\"unverified\";s:9:\"FIRSTNAME\";s:7:\"vincent\";s:8:\"LASTNAME\";s:7:\"barraud\";s:11:\"COUNTRYCODE\";s:2:\"FR\";s:10:\"SHIPTONAME\";s:7:\"BARRAUD\";s:12:\"SHIPTOSTREET\";s:20:\"2bis rue victor hugo\";s:10:\"SHIPTOCITY\";s:5:\"MASSY\";s:9:\"SHIPTOZIP\";s:5:\"91300\";s:17:\"SHIPTOCOUNTRYCODE\";s:2:\"FR\";s:17:\"SHIPTOCOUNTRYNAME\";s:6:\"France\";s:13:\"ADDRESSSTATUS\";s:9:\"Confirmed\";s:12:\"CURRENCYCODE\";s:3:\"EUR\";s:3:\"AMT\";s:6:\"103.00\";s:7:\"ITEMAMT\";s:6:\"103.00\";s:11:\"SHIPPINGAMT\";s:4:\"0.00\";s:11:\"HANDLINGAMT\";s:4:\"0.00\";s:6:\"TAXAMT\";s:4:\"0.00\";s:12:\"INSURANCEAMT\";s:4:\"0.00\";s:11:\"SHIPDISCAMT\";s:4:\"0.00\";s:22:\"INSURANCEOPTIONOFFERED\";s:5:\"false\";s:29:\"PAYMENTREQUEST_0_CURRENCYCODE\";s:3:\"EUR\";s:20:\"PAYMENTREQUEST_0_AMT\";s:6:\"103.00\";s:24:\"PAYMENTREQUEST_0_ITEMAMT\";s:6:\"103.00\";s:28:\"PAYMENTREQUEST_0_SHIPPINGAMT\";s:4:\"0.00\";s:28:\"PAYMENTREQUEST_0_HANDLINGAMT\";s:4:\"0.00\";s:23:\"PAYMENTREQUEST_0_TAXAMT\";s:4:\"0.00\";s:29:\"PAYMENTREQUEST_0_INSURANCEAMT\";s:4:\"0.00\";s:28:\"PAYMENTREQUEST_0_SHIPDISCAMT\";s:4:\"0.00\";s:38:\"PAYMENTREQUEST_0_SELLERPAYPALACCOUNTID\";s:20:\"la-ventue@wanadoo.fr\";s:39:\"PAYMENTREQUEST_0_INSURANCEOPTIONOFFERED\";s:5:\"false\";s:27:\"PAYMENTREQUEST_0_SHIPTONAME\";s:7:\"BARRAUD\";s:29:\"PAYMENTREQUEST_0_SHIPTOSTREET\";s:20:\"2bis rue victor hugo\";s:27:\"PAYMENTREQUEST_0_SHIPTOCITY\";s:5:\"MASSY\";s:26:\"PAYMENTREQUEST_0_SHIPTOZIP\";s:5:\"91300\";s:34:\"PAYMENTREQUEST_0_SHIPTOCOUNTRYCODE\";s:2:\"FR\";s:34:\"PAYMENTREQUEST_0_SHIPTOCOUNTRYNAME\";s:6:\"France\";s:30:\"PAYMENTREQUEST_0_ADDRESSSTATUS\";s:9:\"Confirmed\";s:30:\"PAYMENTREQUESTINFO_0_ERRORCODE\";s:1:\"0\";}'),
(17, '', '2018-01-19 20:54:22', 17, '120.00', '0.00', 'CB', 'expediée', '2018-01-23 09:29:33', '2PB415947T820373L', 'Completed', '4.33', 'a:44:{s:5:\"TOKEN\";s:20:\"EC-2B858151P5024815U\";s:30:\"BILLINGAGREEMENTACCEPTEDSTATUS\";s:1:\"0\";s:14:\"CHECKOUTSTATUS\";s:25:\"PaymentActionNotInitiated\";s:9:\"TIMESTAMP\";s:20:\"2018-01-19T20:54:16Z\";s:13:\"CORRELATIONID\";s:13:\"ae774096e37ff\";s:3:\"ACK\";s:7:\"Success\";s:7:\"VERSION\";s:2:\"93\";s:5:\"BUILD\";s:8:\"42877378\";s:5:\"EMAIL\";s:20:\"brunovionnet@aol.com\";s:7:\"PAYERID\";s:13:\"DAM8V3FCV56F4\";s:11:\"PAYERSTATUS\";s:10:\"unverified\";s:9:\"FIRSTNAME\";s:5:\"Bruno\";s:8:\"LASTNAME\";s:7:\"VIONNET\";s:11:\"COUNTRYCODE\";s:2:\"FR\";s:10:\"SHIPTONAME\";s:7:\"VIONNET\";s:12:\"SHIPTOSTREET\";s:29:\"101  bât A rue du 8 mai 1945\";s:10:\"SHIPTOCITY\";s:5:\"MASSY\";s:9:\"SHIPTOZIP\";s:5:\"91300\";s:17:\"SHIPTOCOUNTRYCODE\";s:2:\"FR\";s:17:\"SHIPTOCOUNTRYNAME\";s:6:\"France\";s:13:\"ADDRESSSTATUS\";s:11:\"Unconfirmed\";s:12:\"CURRENCYCODE\";s:3:\"EUR\";s:3:\"AMT\";s:6:\"120.00\";s:11:\"SHIPPINGAMT\";s:4:\"0.00\";s:11:\"HANDLINGAMT\";s:4:\"0.00\";s:6:\"TAXAMT\";s:4:\"0.00\";s:12:\"INSURANCEAMT\";s:4:\"0.00\";s:11:\"SHIPDISCAMT\";s:4:\"0.00\";s:29:\"PAYMENTREQUEST_0_CURRENCYCODE\";s:3:\"EUR\";s:20:\"PAYMENTREQUEST_0_AMT\";s:6:\"120.00\";s:28:\"PAYMENTREQUEST_0_SHIPPINGAMT\";s:4:\"0.00\";s:28:\"PAYMENTREQUEST_0_HANDLINGAMT\";s:4:\"0.00\";s:23:\"PAYMENTREQUEST_0_TAXAMT\";s:4:\"0.00\";s:29:\"PAYMENTREQUEST_0_INSURANCEAMT\";s:4:\"0.00\";s:28:\"PAYMENTREQUEST_0_SHIPDISCAMT\";s:4:\"0.00\";s:39:\"PAYMENTREQUEST_0_INSURANCEOPTIONOFFERED\";s:5:\"false\";s:27:\"PAYMENTREQUEST_0_SHIPTONAME\";s:7:\"VIONNET\";s:29:\"PAYMENTREQUEST_0_SHIPTOSTREET\";s:29:\"101  bât A rue du 8 mai 1945\";s:27:\"PAYMENTREQUEST_0_SHIPTOCITY\";s:5:\"MASSY\";s:26:\"PAYMENTREQUEST_0_SHIPTOZIP\";s:5:\"91300\";s:34:\"PAYMENTREQUEST_0_SHIPTOCOUNTRYCODE\";s:2:\"FR\";s:34:\"PAYMENTREQUEST_0_SHIPTOCOUNTRYNAME\";s:6:\"France\";s:30:\"PAYMENTREQUEST_0_ADDRESSSTATUS\";s:11:\"Unconfirmed\";s:30:\"PAYMENTREQUESTINFO_0_ERRORCODE\";s:1:\"0\";}'),
(18, '', '2018-10-26 08:35:19', 18, '22.00', '5.00', 'CB', 'expediée', '2018-10-29 08:14:21', '3FP18419N2817192P', 'Completed', '1.00', 'a:48:{s:5:\"TOKEN\";s:20:\"EC-3JJ96028JT311864F\";s:30:\"BILLINGAGREEMENTACCEPTEDSTATUS\";s:1:\"0\";s:14:\"CHECKOUTSTATUS\";s:25:\"PaymentActionNotInitiated\";s:9:\"TIMESTAMP\";s:20:\"2018-10-26T08:35:15Z\";s:13:\"CORRELATIONID\";s:13:\"a58d71ea824c5\";s:3:\"ACK\";s:7:\"Success\";s:7:\"VERSION\";s:2:\"93\";s:5:\"BUILD\";s:8:\"49798231\";s:5:\"EMAIL\";s:22:\"vincentbordier@free.fr\";s:7:\"PAYERID\";s:13:\"3RGWVXT8SMCEW\";s:11:\"PAYERSTATUS\";s:10:\"unverified\";s:9:\"FIRSTNAME\";s:7:\"VINCENT\";s:8:\"LASTNAME\";s:7:\"BORDIER\";s:11:\"COUNTRYCODE\";s:2:\"FR\";s:10:\"SHIPTONAME\";s:7:\"BORDIER\";s:12:\"SHIPTOSTREET\";s:16:\"49 rue Leon Blum\";s:10:\"SHIPTOCITY\";s:17:\"BRETIGNY SUR ORGE\";s:9:\"SHIPTOZIP\";s:5:\"91220\";s:17:\"SHIPTOCOUNTRYCODE\";s:2:\"FR\";s:17:\"SHIPTOCOUNTRYNAME\";s:6:\"France\";s:13:\"ADDRESSSTATUS\";s:9:\"Confirmed\";s:12:\"CURRENCYCODE\";s:3:\"EUR\";s:3:\"AMT\";s:5:\"22.00\";s:7:\"ITEMAMT\";s:5:\"17.00\";s:11:\"SHIPPINGAMT\";s:4:\"5.00\";s:11:\"HANDLINGAMT\";s:4:\"0.00\";s:6:\"TAXAMT\";s:4:\"0.00\";s:12:\"INSURANCEAMT\";s:4:\"0.00\";s:11:\"SHIPDISCAMT\";s:4:\"0.00\";s:22:\"INSURANCEOPTIONOFFERED\";s:5:\"false\";s:29:\"PAYMENTREQUEST_0_CURRENCYCODE\";s:3:\"EUR\";s:20:\"PAYMENTREQUEST_0_AMT\";s:5:\"22.00\";s:24:\"PAYMENTREQUEST_0_ITEMAMT\";s:5:\"17.00\";s:28:\"PAYMENTREQUEST_0_SHIPPINGAMT\";s:4:\"5.00\";s:28:\"PAYMENTREQUEST_0_HANDLINGAMT\";s:4:\"0.00\";s:23:\"PAYMENTREQUEST_0_TAXAMT\";s:4:\"0.00\";s:29:\"PAYMENTREQUEST_0_INSURANCEAMT\";s:4:\"0.00\";s:28:\"PAYMENTREQUEST_0_SHIPDISCAMT\";s:4:\"0.00\";s:38:\"PAYMENTREQUEST_0_SELLERPAYPALACCOUNTID\";s:20:\"la-ventue@wanadoo.fr\";s:39:\"PAYMENTREQUEST_0_INSURANCEOPTIONOFFERED\";s:5:\"false\";s:27:\"PAYMENTREQUEST_0_SHIPTONAME\";s:7:\"BORDIER\";s:29:\"PAYMENTREQUEST_0_SHIPTOSTREET\";s:16:\"49 rue Leon Blum\";s:27:\"PAYMENTREQUEST_0_SHIPTOCITY\";s:17:\"BRETIGNY SUR ORGE\";s:26:\"PAYMENTREQUEST_0_SHIPTOZIP\";s:5:\"91220\";s:34:\"PAYMENTREQUEST_0_SHIPTOCOUNTRYCODE\";s:2:\"FR\";s:34:\"PAYMENTREQUEST_0_SHIPTOCOUNTRYNAME\";s:6:\"France\";s:30:\"PAYMENTREQUEST_0_ADDRESSSTATUS\";s:9:\"Confirmed\";s:30:\"PAYMENTREQUESTINFO_0_ERRORCODE\";s:1:\"0\";}'),
(19, '', '2018-12-08 12:30:48', 19, '68.00', '5.00', 'CB', 'expediée', '2018-12-13 06:21:07', '46G59199EH092204V', 'Completed', '2.56', 'a:48:{s:5:\"TOKEN\";s:20:\"EC-37U04392LJ756244N\";s:30:\"BILLINGAGREEMENTACCEPTEDSTATUS\";s:1:\"0\";s:14:\"CHECKOUTSTATUS\";s:25:\"PaymentActionNotInitiated\";s:9:\"TIMESTAMP\";s:20:\"2018-12-08T12:30:43Z\";s:13:\"CORRELATIONID\";s:13:\"4cb5057d128a3\";s:3:\"ACK\";s:7:\"Success\";s:7:\"VERSION\";s:2:\"93\";s:5:\"BUILD\";s:6:\"000000\";s:5:\"EMAIL\";s:20:\"v.breluru@icloud.com\";s:7:\"PAYERID\";s:13:\"LCBHQDTLXFP52\";s:11:\"PAYERSTATUS\";s:10:\"unverified\";s:9:\"FIRSTNAME\";s:8:\"virginie\";s:8:\"LASTNAME\";s:7:\"breluru\";s:11:\"COUNTRYCODE\";s:2:\"FR\";s:10:\"SHIPTONAME\";s:15:\"BRELURU EULLIOT\";s:12:\"SHIPTOSTREET\";s:23:\"13 avenue des Fauvettes\";s:10:\"SHIPTOCITY\";s:11:\"MONTFERMEIL\";s:9:\"SHIPTOZIP\";s:5:\"93370\";s:17:\"SHIPTOCOUNTRYCODE\";s:2:\"FR\";s:17:\"SHIPTOCOUNTRYNAME\";s:6:\"France\";s:13:\"ADDRESSSTATUS\";s:9:\"Confirmed\";s:12:\"CURRENCYCODE\";s:3:\"EUR\";s:3:\"AMT\";s:5:\"68.00\";s:7:\"ITEMAMT\";s:5:\"63.00\";s:11:\"SHIPPINGAMT\";s:4:\"5.00\";s:11:\"HANDLINGAMT\";s:4:\"0.00\";s:6:\"TAXAMT\";s:4:\"0.00\";s:12:\"INSURANCEAMT\";s:4:\"0.00\";s:11:\"SHIPDISCAMT\";s:4:\"0.00\";s:22:\"INSURANCEOPTIONOFFERED\";s:5:\"false\";s:29:\"PAYMENTREQUEST_0_CURRENCYCODE\";s:3:\"EUR\";s:20:\"PAYMENTREQUEST_0_AMT\";s:5:\"68.00\";s:24:\"PAYMENTREQUEST_0_ITEMAMT\";s:5:\"63.00\";s:28:\"PAYMENTREQUEST_0_SHIPPINGAMT\";s:4:\"5.00\";s:28:\"PAYMENTREQUEST_0_HANDLINGAMT\";s:4:\"0.00\";s:23:\"PAYMENTREQUEST_0_TAXAMT\";s:4:\"0.00\";s:29:\"PAYMENTREQUEST_0_INSURANCEAMT\";s:4:\"0.00\";s:28:\"PAYMENTREQUEST_0_SHIPDISCAMT\";s:4:\"0.00\";s:38:\"PAYMENTREQUEST_0_SELLERPAYPALACCOUNTID\";s:20:\"la-ventue@wanadoo.fr\";s:39:\"PAYMENTREQUEST_0_INSURANCEOPTIONOFFERED\";s:5:\"false\";s:27:\"PAYMENTREQUEST_0_SHIPTONAME\";s:15:\"BRELURU EULLIOT\";s:29:\"PAYMENTREQUEST_0_SHIPTOSTREET\";s:23:\"13 avenue des Fauvettes\";s:27:\"PAYMENTREQUEST_0_SHIPTOCITY\";s:11:\"MONTFERMEIL\";s:26:\"PAYMENTREQUEST_0_SHIPTOZIP\";s:5:\"93370\";s:34:\"PAYMENTREQUEST_0_SHIPTOCOUNTRYCODE\";s:2:\"FR\";s:34:\"PAYMENTREQUEST_0_SHIPTOCOUNTRYNAME\";s:6:\"France\";s:30:\"PAYMENTREQUEST_0_ADDRESSSTATUS\";s:9:\"Confirmed\";s:30:\"PAYMENTREQUESTINFO_0_ERRORCODE\";s:1:\"0\";}'),
(20, '', '2019-05-01 20:21:13', 20, '33.00', '5.00', 'paypal', 'expediée', '2019-05-02 18:19:31', '5W5922937J778853B', 'Completed', '1.37', 'a:48:{s:5:\"TOKEN\";s:20:\"EC-24204627604650424\";s:30:\"BILLINGAGREEMENTACCEPTEDSTATUS\";s:1:\"0\";s:14:\"CHECKOUTSTATUS\";s:25:\"PaymentActionNotInitiated\";s:9:\"TIMESTAMP\";s:20:\"2019-05-01T20:21:11Z\";s:13:\"CORRELATIONID\";s:13:\"6be7e9aa5f552\";s:3:\"ACK\";s:7:\"Success\";s:7:\"VERSION\";s:2:\"93\";s:5:\"BUILD\";s:6:\"000000\";s:5:\"EMAIL\";s:19:\"criton.eric@neuf.fr\";s:7:\"PAYERID\";s:13:\"BYKN3LWPTXK2U\";s:11:\"PAYERSTATUS\";s:8:\"verified\";s:9:\"FIRSTNAME\";s:4:\"ERIC\";s:8:\"LASTNAME\";s:6:\"CRITON\";s:11:\"COUNTRYCODE\";s:2:\"FR\";s:10:\"SHIPTONAME\";s:6:\"CRITON\";s:12:\"SHIPTOSTREET\";s:22:\"rue de la Poste, 105 A\";s:10:\"SHIPTOCITY\";s:6:\"RENAGE\";s:9:\"SHIPTOZIP\";s:5:\"38140\";s:17:\"SHIPTOCOUNTRYCODE\";s:2:\"FR\";s:17:\"SHIPTOCOUNTRYNAME\";s:6:\"France\";s:13:\"ADDRESSSTATUS\";s:9:\"Confirmed\";s:12:\"CURRENCYCODE\";s:3:\"EUR\";s:3:\"AMT\";s:5:\"33.00\";s:7:\"ITEMAMT\";s:5:\"28.00\";s:11:\"SHIPPINGAMT\";s:4:\"5.00\";s:11:\"HANDLINGAMT\";s:4:\"0.00\";s:6:\"TAXAMT\";s:4:\"0.00\";s:12:\"INSURANCEAMT\";s:4:\"0.00\";s:11:\"SHIPDISCAMT\";s:4:\"0.00\";s:22:\"INSURANCEOPTIONOFFERED\";s:5:\"false\";s:29:\"PAYMENTREQUEST_0_CURRENCYCODE\";s:3:\"EUR\";s:20:\"PAYMENTREQUEST_0_AMT\";s:5:\"33.00\";s:24:\"PAYMENTREQUEST_0_ITEMAMT\";s:5:\"28.00\";s:28:\"PAYMENTREQUEST_0_SHIPPINGAMT\";s:4:\"5.00\";s:28:\"PAYMENTREQUEST_0_HANDLINGAMT\";s:4:\"0.00\";s:23:\"PAYMENTREQUEST_0_TAXAMT\";s:4:\"0.00\";s:29:\"PAYMENTREQUEST_0_INSURANCEAMT\";s:4:\"0.00\";s:28:\"PAYMENTREQUEST_0_SHIPDISCAMT\";s:4:\"0.00\";s:38:\"PAYMENTREQUEST_0_SELLERPAYPALACCOUNTID\";s:20:\"la-ventue@wanadoo.fr\";s:39:\"PAYMENTREQUEST_0_INSURANCEOPTIONOFFERED\";s:5:\"false\";s:27:\"PAYMENTREQUEST_0_SHIPTONAME\";s:6:\"CRITON\";s:29:\"PAYMENTREQUEST_0_SHIPTOSTREET\";s:22:\"rue de la Poste, 105 A\";s:27:\"PAYMENTREQUEST_0_SHIPTOCITY\";s:6:\"RENAGE\";s:26:\"PAYMENTREQUEST_0_SHIPTOZIP\";s:5:\"38140\";s:34:\"PAYMENTREQUEST_0_SHIPTOCOUNTRYCODE\";s:2:\"FR\";s:34:\"PAYMENTREQUEST_0_SHIPTOCOUNTRYNAME\";s:6:\"France\";s:30:\"PAYMENTREQUEST_0_ADDRESSSTATUS\";s:9:\"Confirmed\";s:30:\"PAYMENTREQUESTINFO_0_ERRORCODE\";s:1:\"0\";}'),
(60, '190805TT00060', '2019-08-05 15:07:28', 61, '15.00', '4.95', 'credit_card', 'à traiter', NULL, '3zckrb3p', 'submitted_for_settlement', '0.29', 'approved'),
(61, '190805NJ00061', '2019-08-05 15:33:55', 62, '15.00', '4.95', 'CB', 'à traiter', NULL, 'eyszshkt', 'submitted_for_settlement', '0.29', 'approved'),
(62, '190805NJ00062', '2019-08-05 15:49:26', 63, '15.00', '4.95', 'CB', 'à traiter', NULL, 'g9vfx4jr', 'submitted_for_settlement', '0.29', 'approved'),
(63, '190812TT00063', '2019-08-12 00:56:39', 64, '15.00', '4.95', 'CB', 'à traiter', NULL, '1481kab9', 'submitted_for_settlement', '0.29', 'approved'),
(64, '190812TT00064', '2019-08-12 23:53:20', 65, '15.00', '4.95', 'CB', 'à traiter', NULL, '7df8kf8t', 'submitted_for_settlement', '0.29', 'approved'),
(65, '190815NL00065', '2019-08-15 17:38:28', 66, '15.00', '4.95', 'CB', 'à traiter', NULL, '74k10fpt', 'submitted_for_settlement', '0.29', 'approved'),
(66, '190928TT00066', '2019-09-28 15:53:23', 67, '45.00', '6.25', 'CB', 'à traiter', NULL, 'n18r9n2s', 'submitted_for_settlement', '0.86', 'approved'),
(67, '190928TT00067', '2019-09-28 15:55:00', 68, '45.00', '6.25', 'CB', 'à traiter', NULL, '0bhz2cc9', 'submitted_for_settlement', '0.86', 'approved'),
(68, '190928TT00068', '2019-09-28 16:00:02', 69, '15.00', '4.95', 'CB', 'à traiter', NULL, 'k0y68935', 'submitted_for_settlement', '0.29', 'approved'),
(69, '190928TT00069', '2019-09-28 16:09:28', 70, '15.00', '4.95', 'CB', 'à traiter', NULL, 'k9edvct5', 'submitted_for_settlement', '0.29', 'approved'),
(70, '190928TT00070', '2019-09-28 16:52:08', 71, '6.00', '4.95', 'CB', 'à traiter', NULL, '659eza0k', 'submitted_for_settlement', '0.11', 'approved'),
(71, '191024NJ00071', '2019-10-24 10:34:29', 72, '30.00', '6.25', 'CB', 'à traiter', NULL, 'ab9m4hdv', 'submitted_for_settlement', '0.57', 'approved'),
(72, '191230TT00072', '2019-12-30 17:10:17', 73, '15.00', '4.95', 'CB', 'à traiter', NULL, 'mrv7vdp2', 'submitted_for_settlement', '0.29', 'approved'),
(73, '191230TT00073', '2019-12-30 23:08:48', 74, '15.00', '4.95', 'CB', 'à traiter', NULL, 'rhv1prp5', 'submitted_for_settlement', '0.29', 'approved'),
(74, '200115NJ00074', '2020-01-15 14:34:41', 75, '15.00', '4.95', 'CB', 'à traiter', NULL, 'qea15g65', 'submitted_for_settlement', '0.29', 'approved'),
(75, '200115NJ00075', '2020-01-15 14:37:10', 76, '15.00', '4.95', 'CB', 'à traiter', NULL, 'mkrw404t', 'submitted_for_settlement', '0.29', 'approved'),
(76, '200829NJ00076', '2020-08-29 20:37:39', 77, '5.00', '4.95', 'CB', 'à traiter', NULL, '4rzxcmsw', 'submitted_for_settlement', '0.10', 'approved'),
(77, '200829NJ00077', '2020-08-29 20:44:10', 78, '5.00', '4.95', 'CB', 'à traiter', NULL, 'a1kmv2r8', 'submitted_for_settlement', '0.10', 'approved'),
(78, '200829NJ00078', '2020-08-29 20:50:43', 79, '15.00', '4.95', 'CB', 'à traiter', NULL, 'jr9bbazw', 'submitted_for_settlement', '0.29', 'approved'),
(79, '200829NJ00079', '2020-08-29 20:51:44', 80, '15.00', '4.95', 'CB', 'à traiter', NULL, 'qc7v26kf', 'submitted_for_settlement', '0.29', 'approved'),
(80, '200829NJ00080', '2020-08-29 20:52:34', 81, '15.00', '4.95', 'CB', 'à traiter', NULL, '1eg2d5yy', 'submitted_for_settlement', '0.29', 'approved'),
(81, '200829NJ00081', '2020-08-29 21:00:12', 82, '15.00', '4.95', 'CB', 'à traiter', NULL, 'a00bdarc', 'submitted_for_settlement', '0.29', 'approved'),
(82, '200829NJ00082', '2020-08-29 21:00:53', 83, '15.00', '4.95', 'CB', 'à traiter', NULL, 'eap0zf0k', 'submitted_for_settlement', '0.29', 'approved'),
(83, '200829NJ00083', '2020-08-29 21:01:27', 84, '15.00', '4.95', 'CB', 'à traiter', NULL, '9wd5j2vq', 'submitted_for_settlement', '0.29', 'approved'),
(84, '200829NJ00084', '2020-08-29 23:05:04', 85, '38.00', '6.25', 'CB', 'à traiter', NULL, '914anjyj', 'submitted_for_settlement', '0.72', 'approved'),
(85, '200829TM00085', '2020-08-29 23:19:19', 86, '38.00', '6.25', 'CB', 'à traiter', NULL, '7ebx7hzt', 'submitted_for_settlement', '0.72', 'approved'),
(86, '200830AE00086', '2020-08-30 10:51:56', 87, '15.00', '4.95', 'CB', 'à traiter', NULL, 'krfq953d', 'submitted_for_settlement', '0.29', 'approved'),
(87, '200830RA00087', '2020-08-30 10:57:41', 88, '5.00', '4.95', 'CB', 'à traiter', NULL, 'q4ama2p3', 'submitted_for_settlement', '0.10', 'approved'),
(88, '200830TT00088', '2020-08-30 11:11:45', 89, '9.00', '6.25', 'CB', 'à traiter', NULL, 'k2apjt2c', 'submitted_for_settlement', '0.17', 'approved'),
(89, '200830ML00089', '2020-08-30 11:33:57', 90, '15.00', '4.95', 'CB', 'à traiter', NULL, '56vntz27', 'submitted_for_settlement', '0.29', 'approved'),
(90, '200830MM00090', '2020-08-30 12:05:31', 91, '5.00', '4.95', 'CB', 'à traiter', NULL, '1ac0nc34', 'submitted_for_settlement', '0.10', 'approved'),
(91, '200830RL00091', '2020-08-30 12:15:04', 92, '15.00', '4.95', 'CB', 'à traiter', NULL, 'dgbjex82', 'submitted_for_settlement', '0.29', 'approved'),
(92, '200830AE00092', '2020-08-30 12:28:27', 93, '15.00', '4.95', 'CB', 'à traiter', NULL, 'qh45pd73', 'submitted_for_settlement', '0.29', 'approved'),
(93, '200830NP00093', '2020-08-30 12:35:26', 94, '5.00', '4.95', 'CB', 'à traiter', NULL, '9cr3deta', 'submitted_for_settlement', '0.10', 'approved'),
(94, '200830NP00094', '2020-08-30 12:48:13', 95, '5.00', '4.95', 'CB', 'à traiter', NULL, 'q40teyyf', 'submitted_for_settlement', '0.10', 'approved'),
(95, '200830TJ00095', '2020-08-30 13:06:24', 96, '15.00', '4.95', 'CB', 'à traiter', NULL, '6gr2nn04', 'submitted_for_settlement', '0.29', 'approved'),
(96, '200830TJ00096', '2020-08-30 13:18:34', 97, '15.00', '4.95', 'CB', 'à traiter', NULL, 'pes7he57', 'submitted_for_settlement', '0.29', 'approved'),
(97, '200830LT00097', '2020-08-30 13:30:06', 98, '15.00', '4.95', 'CB', 'à traiter', NULL, 'k9hak4rq', 'submitted_for_settlement', '0.29', 'approved'),
(98, '200830NJ00098', '2020-08-30 13:31:32', 99, '15.00', '4.95', 'CB', 'à traiter', NULL, 'jzzpje17', 'submitted_for_settlement', '0.29', 'approved'),
(99, '200830OT00099', '2020-08-30 13:36:14', 100, '15.00', '4.95', 'CB', 'à traiter', NULL, '0m2ffpav', 'submitted_for_settlement', '0.29', 'approved'),
(100, '200830TN00100', '2020-08-30 15:16:50', 101, '15.00', '4.95', 'CB', 'à traiter', NULL, 'kwb19hbx', 'submitted_for_settlement', '0.29', 'approved'),
(101, '200830TP00101', '2020-08-30 16:28:58', 102, '5.00', '4.95', 'CB', 'à traiter', NULL, 'h5ed65ar', 'submitted_for_settlement', '0.10', 'approved'),
(102, '200830TJ00102', '2020-08-30 16:31:43', 103, '112.00', '0.00', 'CB', 'à traiter', NULL, '4w70xk4m', 'submitted_for_settlement', '2.13', 'approved'),
(103, '200830NJ00103', '2020-08-30 17:30:22', 104, '58.00', '6.25', 'CB', 'à traiter', NULL, '65z57t9p', 'submitted_for_settlement', '1.10', 'approved'),
(104, '200831TQ00104', '2020-08-31 15:30:01', 105, '38.00', '6.25', 'CB', 'à traiter', NULL, 'qfyp4a4h', 'submitted_for_settlement', '0.72', 'approved'),
(105, '200902NJ00105', '2020-09-02 16:08:00', 106, '34.00', '4.95', 'CB', 'à traiter', NULL, '5xxxvndm', 'submitted_for_settlement', '0.65', 'approved'),
(106, '200903TC00106', '2020-09-03 18:26:44', 107, '15.00', '4.95', 'CB', 'à traiter', NULL, '4zwa91a1', 'submitted_for_settlement', '0.29', 'approved'),
(107, '200907SJ00107', '2020-09-07 19:10:09', 108, '46.00', '6.25', 'CB', 'à traiter', NULL, 'rbx3jw4s', 'submitted_for_settlement', '0.87', 'approved'),
(108, '200907TM00108', '2020-09-07 19:13:04', 109, '15.00', '4.95', 'CB', 'à traiter', NULL, '8tvf61hb', 'submitted_for_settlement', '0.29', 'approved'),
(109, '200907SJ00109', '2020-09-07 19:15:14', 110, '5.00', '4.95', 'CB', 'à traiter', NULL, '2d1g6rzj', 'submitted_for_settlement', '0.10', 'approved'),
(110, '200907SJ00110', '2020-09-07 19:18:01', 111, '6.00', '4.95', 'CB', 'à traiter', NULL, 'htfyq4m7', 'submitted_for_settlement', '0.11', 'approved'),
(111, '200907NJ00111', '2020-09-07 19:26:31', 112, '15.00', '4.95', 'CB', 'à traiter', NULL, 'jmp4th04', 'submitted_for_settlement', '0.29', 'approved'),
(112, '200907TJ00112', '2020-09-07 19:39:58', 113, '15.00', '4.95', 'CB', 'à traiter', NULL, 'p9yjxfwp', 'submitted_for_settlement', '0.29', 'approved');

-- --------------------------------------------------------

--
-- Structure de la table `order_lines`
--

CREATE TABLE `order_lines` (
  `id_order_lines` int(10) UNSIGNED NOT NULL,
  `order_id` int(10) UNSIGNED NOT NULL,
  `product_id` int(11) NOT NULL,
  `quantity` int(10) UNSIGNED NOT NULL,
  `subtotal` decimal(6,2) UNSIGNED NOT NULL
) ENGINE=InnoDB DEFAULT CHARSET=utf8;

--
-- Déchargement des données de la table `order_lines`
--

INSERT INTO `order_lines` (`id_order_lines`, `order_id`, `product_id`, `quantity`, `subtotal`) VALUES
(1, 1, 10, 1, '8.00'),
(2, 1, 1, 1, '15.00'),
(10, 10, 10, 1, '8.00'),
(11, 10, 1, 1, '15.00'),
(12, 11, 3, 1, '50.00'),
(13, 12, 3, 1, '50.00'),
(14, 13, 2, 1, '27.00'),
(15, 14, 2, 1, '27.00'),
(16, 15, 10, 1, '8.00'),
(17, 15, 27, 1, '6.00'),
(18, 15, 13, 1, '7.00'),
(19, 15, 2, 1, '27.00'),
(20, 16, 12, 2, '18.00'),
(21, 16, 18, 1, '10.00'),
(22, 16, 19, 1, '15.00'),
(23, 16, 22, 3, '15.00'),
(24, 16, 21, 9, '45.00'),
(25, 17, 4, 1, '120.00'),
(26, 18, 20, 1, '5.00'),
(27, 18, 14, 1, '7.00'),
(28, 18, 21, 1, '5.00'),
(29, 19, 19, 1, '15.00'),
(30, 19, 2, 1, '28.00'),
(31, 19, 17, 1, '20.00'),
(32, 20, 2, 1, '28.00'),
(78, 60, 1, 1, '15.00'),
(79, 61, 1, 1, '15.00'),
(80, 62, 1, 1, '15.00'),
(81, 63, 1, 1, '15.00'),
(82, 64, 1, 1, '15.00'),
(83, 65, 1, 1, '15.00'),
(84, 66, 1, 3, '45.00'),
(85, 67, 1, 3, '45.00'),
(86, 68, 1, 1, '15.00'),
(87, 69, 1, 1, '15.00'),
(88, 70, 26, 1, '6.00'),
(89, 71, 1, 2, '30.00'),
(90, 72, 1, 1, '15.00'),
(91, 73, 1, 1, '15.00'),
(92, 75, 1, 1, '15.00'),
(93, 76, 21, 1, '5.00'),
(94, 77, 21, 1, '5.00'),
(95, 80, 1, 1, '15.00'),
(96, 83, 1, 1, '15.00'),
(97, 85, 2, 1, '28.00'),
(98, 85, 18, 1, '10.00'),
(99, 86, 1, 1, '15.00'),
(100, 87, 9, 1, '5.00'),
(101, 88, 12, 1, '9.00'),
(102, 89, 1, 1, '15.00'),
(103, 90, 20, 1, '5.00'),
(104, 91, 1, 1, '15.00'),
(105, 92, 1, 1, '15.00'),
(106, 93, 20, 1, '5.00'),
(107, 94, 20, 1, '5.00'),
(108, 95, 1, 1, '15.00'),
(109, 96, 1, 1, '15.00'),
(110, 97, 1, 1, '15.00'),
(111, 98, 1, 1, '15.00'),
(112, 99, 1, 1, '15.00'),
(113, 100, 1, 1, '15.00'),
(114, 101, 20, 1, '5.00'),
(115, 102, 2, 4, '112.00'),
(116, 103, 1, 2, '30.00'),
(117, 103, 2, 1, '28.00'),
(118, 104, 1, 0, '0.00'),
(119, 104, 2, 1, '28.00'),
(120, 104, 18, 1, '10.00'),
(121, 105, 28, 1, '6.00'),
(122, 105, 2, 1, '28.00'),
(123, 106, 1, 1, '15.00'),
(124, 107, 27, 1, '6.00'),
(125, 107, 28, 1, '6.00'),
(126, 107, 21, 1, '5.00'),
(127, 107, 12, 1, '9.00'),
(128, 107, 9, 1, '5.00'),
(129, 107, 1, 1, '15.00'),
(130, 108, 1, 1, '15.00'),
(131, 109, 21, 1, '5.00'),
(132, 110, 26, 1, '6.00'),
(133, 111, 1, 1, '15.00'),
(134, 112, 1, 1, '15.00');

-- --------------------------------------------------------

--
-- Structure de la table `prix_colissimo_fr`
--

CREATE TABLE `prix_colissimo_fr` (
  `tarif_id` int(10) UNSIGNED NOT NULL,
  `min_weight` decimal(5,0) UNSIGNED NOT NULL COMMENT 'en grammes',
  `max_weight` decimal(5,0) UNSIGNED NOT NULL COMMENT 'en grammes',
  `cost` decimal(4,2) UNSIGNED NOT NULL COMMENT 'en euros'
) ENGINE=MyISAM DEFAULT CHARSET=utf8;

--
-- Déchargement des données de la table `prix_colissimo_fr`
--

INSERT INTO `prix_colissimo_fr` (`tarif_id`, `min_weight`, `max_weight`, `cost`) VALUES
(1, '0', '250', '4.95'),
(2, '251', '500', '6.25'),
(3, '501', '750', '7.10'),
(4, '751', '1000', '7.75'),
(5, '1001', '2000', '8.80'),
(6, '2001', '5000', '13.35'),
(7, '5001', '10000', '19.50'),
(8, '10001', '30000', '27.70');

-- --------------------------------------------------------

--
-- Structure de la table `products`
--

CREATE TABLE `products` (
  `id_product` int(10) UNSIGNED NOT NULL,
  `p_name` varchar(70) NOT NULL,
  `description` varchar(400) NOT NULL,
  `price` decimal(6,2) UNSIGNED NOT NULL,
  `weight` decimal(5,0) UNSIGNED NOT NULL,
  `image_path` varchar(100) NOT NULL,
  `thumb_path` varchar(100) NOT NULL,
  `lightbox` varchar(60) NOT NULL,
  `category` int(10) UNSIGNED NOT NULL,
  `availability` varchar(7) NOT NULL DEFAULT 'oui' COMMENT 'oui / non / rupture',
  `display` tinyint(1) NOT NULL DEFAULT '1' COMMENT '0 = non / 1 = oui'
) ENGINE=InnoDB DEFAULT CHARSET=utf8;

--
-- Déchargement des données de la table `products`
--

INSERT INTO `products` (`id_product`, `p_name`, `description`, `price`, `weight`, `image_path`, `thumb_path`, `lightbox`, `category`, `availability`, `display`) VALUES
(1, 'Safran en Filaments 0.5g', 'Flacon type \"Cylindre\" contenant environ 80 pistils.', '15.00', '67', 'images/produits/safran-filaments-05g-3.jpg', 'images/produits/thumbnails/safran-filaments-05g-vignette.jpg', 'images/produits/safran-filaments-1g-3.jpg', 1, 'oui', 1),
(2, 'Safran en Filaments 1g', 'Flacon type \"Cube\" contenant environ 160 pistils.', '28.00', '81', 'images/produits/safran-filaments-1g-3.jpg', 'images/produits/thumbnails/safran-filaments-1g-3_vignette.jpg', 'images/produits/safran-filaments-1g-3.jpg', 1, 'oui', 1),
(3, 'Safran en Filaments 2g', 'Flacon type \"Encrier\" contenant environ 320 pistils.', '50.00', '0', 'images/produits/safran-filaments-2g-2.jpg', 'images/produits/thumbnails/safran-filaments-2g-vignette.jpg', 'images/produits/safran-filaments-2g-2.jpg', 1, 'non', 1),
(4, 'Safran en Filaments 5g', 'Flacon type \"Amphore\" contenant environ 800 pistils.', '120.00', '180', 'images/produits/safran-filaments-5g.jpg', 'images/produits/thumbnails/safran-filaments-5g_vignette.jpg', 'images/produits/safran-filaments-5g.jpg', 1, 'rupture', 1),
(5, 'Sachet découverte', 'Sachet découverte comprenant<br /> 2 tubes de 0.1g de Safran<br />(environ 32 pistils)<br />ainsi qu\'une pince en bambou.', '10.00', '0', 'images/produits/sachet-decouverte.jpg', 'images/produits/thumbnails/sachet-decouverte_vignette.jpg', 'images/produits/sachet-decouverte.jpg', 1, 'oui', 1),
(9, 'Bulbes de Crocus sativus x 5', '5 bulbes de gros calibre<br />Uniquement disponible en juillet-août, pendant les périodes de plantation.<br/>Conseils: planter les bulbes entre juillet et août.', '5.00', '0', 'images/produits/bulbes3.jpg', 'images/produits/thumbnails/bulbes3_vignette.jpg', 'images/produits/bulbes3.jpg', 5, 'oui', 1),
(10, 'Bulbes de Crocus sativus x 10', '10 bulbes de gros calibre<br />Uniquement disponible en juillet-août, pendant les périodes de plantation.<br/>Conseils: planter les bulbes entre juillet et août.', '8.00', '0', 'images/produits/bulbes3.jpg', 'images/produits/thumbnails/bulbes3_vignette.jpg', 'images/produits/bulbes3.jpg', 5, 'oui', 1),
(11, 'Bulbes de Crocus sativus x 20', '20 bulbes de gros calibre<br />Uniquement disponible en juillet-août, pendant les périodes de plantation.<br/>Conseils: planter les bulbes entre juillet et août.', '15.00', '0', 'images/produits/bulbes3.jpg', 'images/produits/thumbnails/bulbes3_vignette.jpg', 'images/produits/bulbes3.jpg', 5, 'oui', 1),
(12, 'Fleur de Sel de Guérande Safranée', 'Poids net : 90g<br />dont 0.15g de Safran de la Ventue<br />Pelle à Sel offerte !<br />', '9.00', '192', 'images/produits/fleur-de-sel-safrane.jpg', 'images/produits/thumbnails/fleur-de-sel-safrane_vignette.jpg', 'images/produits/fleur-de-sel-safrane.jpg', 4, 'oui', 1),
(13, 'Gros Sel de Guérande Safrané', 'Poids net : 150g<br />dont 0.22g de Safran de la Ventue<br />Pelle à Sel offerte !<br />', '7.00', '0', 'images/produits/gros-sel-safrane.jpg', 'images/produits/thumbnails/gros-sel-safrane_vignette.jpg', 'images/produits/gros-sel-safrane.jpg', 4, 'oui', 1),
(14, 'Sel fin de Guérande Safrané', 'Poids net : 150g<br />dont 0.22g de Safran de la Ventue<br />', '7.00', '0', 'images/produits/sel-fin-safrane.jpg', 'images/produits/thumbnails/sel-fin-safrane_vignette.jpg', 'images/produits/sel-fin-safrane.jpg', 4, 'oui', 1),
(15, 'Duo de Sels de Guérande <br /> Fleur et Sel Fin Safranés', 'Fleur de Sel Safrané : 90g <br /> Sel fin Safrané : 150g<br />Pelle à Sel offerte !<br />', '14.00', '0', 'images/produits/sel-fin_fleur-de-sel.jpg', 'images/produits/thumbnails/sel-fin_fleur-de-sel_vignette.jpg', 'images/produits/sel-fin_fleur-de-sel.jpg', 4, 'oui', 1),
(16, 'Duo de Sels de Guérande <br />Fleur et Gros Sel Safranés', 'Fleur de Sel Safrané : 90g <br /> Gros Sel Safrané : 150g<br />Pelles à Sel offertes !', '14.00', '0', 'images/produits/gros-sel_fleur-de-sel.jpg', 'images/produits/thumbnails/gros-sel_fleur-de-sel_vignette.jpg', 'images/produits/gros-sel_fleur-de-sel.jpg', 4, 'oui', 1),
(17, 'Trio de Sels de Guérande Safrané', 'Fleur de Sel Safrané : 90g <br /> Sel fin Safrané : 150g<br /> Gros Sel Safrané : 150g<br />Pelles à Sel offertes !', '20.00', '0', 'images/produits/trio-de-sel-safrane.jpg', 'images/produits/thumbnails/trio-de-sel-safrane_vignette.jpg', 'images/produits/trio-de-sel-safrane.jpg', 4, 'oui', 1),
(18, 'Pur Safran Poudre 0,3g', 'Flacon contenant 3 dosettes de 0.1g de Pur Safran de la Ventue', '10.00', '150', 'images/produits/poudre-safran_3dosettes.jpg', 'images/produits/thumbnails/poudre-safran_3dosettes_vignette.jpg', 'images/produits/poudre-safran_3dosettes.jpg', 1, 'oui', 1),
(19, 'Pur Safran Poudre 0,5g', 'Flacon contenant 5 dosettes de 0.1g de Pur Safran de la Ventue', '15.00', '0', 'images/produits/poudre-safran_5dosettes.jpg', 'images/produits/thumbnails/poudre-safran_5dosettes_vignette.jpg', 'images/produits/poudre-safran_5dosettes.jpg', 1, 'oui', 1),
(20, 'Petits Sablés au Safran', 'Sachet de Petits Sablés à la poudre d\'amande et au<br /> Safran de la Ventue<br />Contient 170g de Sablés<br />A déguster seuls ou accompagnés par exemple d\'une crème brûlée au Safran.', '5.00', '0', 'images/produits/sables-au-safran.jpg', 'images/produits/thumbnails/sables-au-safran_vignette.jpg', 'images/produits/taille_reelle/sables-au-safran_tr.jpg', 2, 'oui', 1),
(21, 'Tagliatelles au Safran', 'Sachet de Tagliatelles-Nids<br /> au Safran de la Ventue<br />Contient 250g de pâtes', '5.00', '0', 'images/produits/tagliatelles-safran.jpg', 'images/produits/thumbnails/tagliatelles-safran_vignette.jpg', 'images/produits/taille_reelle/tagliatelles-safran_tr.jpg', 2, 'oui', 1),
(22, 'Spaghettis au Safran', 'Sachet de Spaghettis-Nids<br /> au Safran de la Ventue<br />Contient 250g de pâtes', '5.00', '0', 'images/produits/spaghetti-safran.jpg', 'images/produits/thumbnails/spaghetti-safran_vignette.jpg', 'images/produits/taille_reelle/spaghetti-safran_tr.jpg', 2, 'non', 1),
(23, 'Duo de La Ventue', 'Sachet Duo de La Ventue<br />Comprenant 3 dosettes de 0.1g<br /> de Safran en Poudre et 0.5g de<br /> Safran en Filaments', '24.00', '0', 'images/produits/duo-de-la-ventue.jpg', 'images/produits/thumbnails/duo-de-la-ventue_vignette.jpg', 'images/produits/taille_reelle/duo-de-la-ventue_tr.jpg', 1, 'oui', 1),
(24, 'Sirop au Safran', 'Pour sublimer vos plats salés comme sucrés ou à utiliser dans vos cocktails (Kir, Champagne, Punch...), pour sucrer votre thé, etc.', '12.00', '0', 'images/produits/sirop-au-safran.jpg', 'images/produits/thumbnails/sirop-au-safran_vignette.jpg', 'images/produits/taille_reelle/sirop-au-safran_tr.jpg', 2, 'non', 0),
(25, 'Duo de Sirop au Safran', 'Pour sublimer vos plats salés comme sucrés ou à utiliser dans vos cocktails (Kir, Champagne, Punch...), pour sucrer votre thé, etc.', '22.00', '0', 'images/produits/duo-sirop-au-safran.jpg', 'images/produits/thumbnails/duo-sirop-au-safran_vignette.jpg', 'images/produits/taille_reelle/duo-sirop-au-safran_tr.jpg', 2, 'non', 1),
(26, 'Confiture Poire - Safran', 'Confiture de Poire au Safran de la Ventue<br />Ingrédients : poires, sucre, safran.<br />\r\nPréparée avec 67 g de fruits pour 100 g.<br />\r\nTeneur totale en sucre : 65 %<br />\r\nPoids net : 300 g', '6.00', '0', 'images/produits/confiture-poire.jpg', 'images/produits/thumbnails/confiture-poire_vignette.jpg', 'images/produits/taille_reelle/confiture-poire_tr.jpg', 3, 'oui', 1),
(27, 'Confiture Orange - Safran', 'Confiture Orange et Safran de la Ventue<br />Ingrédients : oranges, sucre, safran.<br />\r\nPréparée avec 67 g de fruits pour 100 g.<br />\r\nTeneur totale en sucre : 65 %<br />\r\nPoids net : 300 g<br />', '6.00', '0', 'images/produits/confiture-orange.jpg', 'images/produits/thumbnails/confiture-orange_vignette.jpg', 'images/produits/taille_reelle/confiture-orange_tr.jpg', 3, 'oui', 1),
(28, 'Confiture Coing - Safran', 'Confiture de Coing au Safran de la Ventue<br />Ingrédients : coings, sucre, safran.<br />\r\nPréparée avec 67 g de fruits pour 100 g.<br />\r\nTeneur totale en sucre : 65 %<br />\r\nPoids net : 300 g', '6.00', '0', 'images/produits/confiture-coing.jpg', 'images/produits/thumbnails/confiture-coing_vignette.jpg', 'images/produits/taille_reelle/confiture-coing_tr.jpg', 3, 'oui', 1),
(29, 'Bulbes de Crocus sativus x 50', '50 bulbes de gros calibre<br />Uniquement disponible en juillet-août, pendant les périodes de plantation.<br/>Conseils: planter les bulbes entre juillet et août.', '30.00', '0', 'images/produits/bulbes3.jpg', 'images/produits/thumbnails/bulbes3_vignette.jpg', 'images/produits/bulbes3.jpg', 5, 'oui', 1),
(30, 'Bulbes de Crocus sativus x 100', '100 bulbes de gros calibre<br />Uniquement disponible en juillet-août, pendant les périodes de plantation.<br/>Conseils: planter les bulbes entre juillet et août.', '50.00', '0', 'images/produits/bulbes3.jpg', 'images/produits/thumbnails/bulbes3_vignette.jpg', 'images/produits/bulbes3.jpg', 5, 'oui', 1),
(33, 'test2', 'Lorem ipsum dolor sit amet,<br />\r\nconsectetur adipisicing elit,<br />\r\nsed do eiusmod', '125.00', '263', 'images/produits/test2.jpg', 'images/produits/thumbnails/test2_thumb.jpg', 'images/produits/taille_reelle/test2_tr.jpg', 1, 'oui', 1);

-- --------------------------------------------------------

--
-- Structure de la table `recipes`
--

CREATE TABLE `recipes` (
  `id_recette` int(11) NOT NULL,
  `recipe_name` varchar(128) NOT NULL,
  `ingredients` text NOT NULL,
  `prep_time` int(11) NOT NULL,
  `servings` varchar(10) NOT NULL,
  `cook_time` varchar(50) NOT NULL,
  `recipe_description` text NOT NULL,
  `recipe_img` varchar(50) NOT NULL,
  `recipe_category` int(11) NOT NULL
) ENGINE=MyISAM DEFAULT CHARSET=utf8;

--
-- Déchargement des données de la table `recipes`
--

INSERT INTO `recipes` (`id_recette`, `recipe_name`, `ingredients`, `prep_time`, `servings`, `cook_time`, `recipe_description`, `recipe_img`, `recipe_category`) VALUES
(1, 'Thé au Safran de la Ventue', '<ul>\r\n<li itemprop=\"ingredients\">1 cuillère à soupe de thé vert</li>\r\n<li itemprop=\"ingredients\">8 pistils de Safran de la Ventue</li>\r\n<li itemprop=\"ingredients\">1L d\'eau</li>\r\n</ul>', 5, '8 à 10', 'Ne pas faire bouillir l\'eau', 'Verser 1 cuillère à soupe de thé vert dans une théière,<br />Ajouter 8 pistils de Safran.<br />Ajouter sucre ou miel à votre convenance.<br />Ajouter un peu d\'eau chaude et laisser infuser. Pendant ce temps, chauffer 1L d\'eau portée à ébullition puis versez-le.<br />Couvrir et laisser infuser 5 à 10min suivant vos goûts.', 'images/safran_seul.png', 1),
(2, 'Sauce chaude au Safran de la Ventue', '<ul>\r\n<li itemprop=\"ingredients\">4 cuillères à soupe de Lait</li>\r\n<li itemprop=\"ingredients\">20 à 40cl de crème liquide</li>\r\n<li itemprop=\"ingredients\">2 pistils de Safran par personne</li>\r\n</ul>', 15, '-', 'Pas de cuisson', 'La veille, infuser le Safran de la Ventue dans le lait chaud.<br />Le lendemain, chauffer la crème liquide puis verser le lait safrané, votre crème prendra une teinte jaune-orangée.<br />Salez et poivrez à votre convenance.<br /> Utiliser sur viandes blanches, poissons, volailles...', 'images/safran_seul.png', 2),
(3, 'Clafoutis au Safran de la Ventue', '<ul>\r\n<li itemprop=\"ingredients\">20cl de lait</li>\r\n<li itemprop=\"ingredients\">3 oeufs</li>\r\n<li itemprop=\"ingredients\">100g de sucre</li>\r\n<li itemprop=\"ingredients\">120g de farine</li>\r\n<li itemprop=\"ingredients\">30g de beurre (facultatif)</li>\r\n<li>500g de cerises, pommes-poires, ananas...</li>\r\n<li itemprop=\"ingredients\">8 pistils de Safran de la Ventue</li>\r\n</ul>', 20, '5 à 6', '30min - thermostat 7(240°c)', 'Laisser infuser les pistils de Safran de la Ventue dans de l\'eau tiède.<br />Battre les oeufs entiers avec le sucre. Ajouter la farine. Bien mélanger. Ajouter le beurre fondu (facultatif)<br />Verser peu à peu le lait froid<br />Beurrer le plat, disposer les fruits. Recouvrir de la préparation.<br />Faire cuire et vérifier la cuisson à l\'aide de la pointe d\'un couteau.', 'images/safran_seul.png', 1),
(4, 'Moules au Safran de la Ventue', '<ul>\r\n<li itemprop=\"ingredients\">1 kilo de moules</li>\r\n<li itemprop=\"ingredients\">20cl de crème</li>\r\n<li itemprop=\"ingredients\">6 pistils au Safran de la ventue</li>\r\n</ul>', 10, '1', 'Quelques minutes', 'Infuser le Safran dans la crème tiédie,<br />Nettoyer les moules,<br />Verser les moules dans un fait-tout, lorsqu’elles commence à s\'ouvrir, retirer l\'eau et ajouter la crème safranée.<br />Finir de faire cuire quelques minutes, dès qu\'elles sont ouvertes, vos moules sont prêtes à être dégustées.', 'images/safran_seul.png', 2),
(5, 'Omelette au Safran de la Ventue', '<ul>\r\n<li itemprop=\"ingredients\">8 oeufs (selon votre appétit)</li>\r\n<li itemprop=\"ingredients\">8 pistils de Safran de la Ventue</li>\r\n<li itemprop=\"ingredients\">3 Cuillères à soupe de lait</li>\r\n<li itemprop=\"ingredients\">Beurre si nécessaire</li>\r\n<li itemprop=\"ingredients\">Sel et poivre à votre convenance</li>\r\n</ul>', 5, '4', '3 min', 'Infuser les pistils de Safran de la Ventue dans le lait tiède,<br />Battre les oeufs, ajouter le lait safrané, saler et poivrer à votre convenance.<br />Beurrer votre poêle et faire cuire, votre omelette est prête !', 'images/safran_seul.png', 2),
(6, 'Crème anglaise au Safran de la Ventue', '<ul>\r\n<li itemprop=\"ingredients\">50cl de lait</li>\r\n<li itemprop=\"ingredients\">4 jaunes d\'oeuf</li>\r\n<li itemprop=\"ingredients\">75g de sucre</li>\r\n<li itemprop=\"ingredients\">12 pistils de Safran de la Ventue</li>\r\n</ul>', 10, '4 à 6', 'A feux doux', 'La veille, infuser le Safran dans le lait.<br />Fouetter les jaunes d’œuf et le sucre,<br />Chauffer le lait et le verser dans le mélange oeuf-sucre sans cesser de remuer.<br />Epaissir à feu doux sans laisser bouillir.<br />La crème est prête lorsqu\'elle nappe la cuillère.<br />Mettre au réfrigérateur. A déguster bien froid.', 'images/safran_seul.png', 1);

-- --------------------------------------------------------

--
-- Structure de la table `shipping`
--

CREATE TABLE `shipping` (
  `id_shipping` int(10) UNSIGNED NOT NULL,
  `order_id` int(10) UNSIGNED NOT NULL,
  `ship_civility` varchar(4) NOT NULL,
  `ship_name` varchar(30) NOT NULL,
  `ship_firstname` varchar(30) NOT NULL,
  `ship_address` varchar(150) NOT NULL,
  `ship_cp` char(5) NOT NULL,
  `ship_city` varchar(50) NOT NULL,
  `ship_country` varchar(50) NOT NULL
) ENGINE=InnoDB DEFAULT CHARSET=utf8;

--
-- Déchargement des données de la table `shipping`
--

INSERT INTO `shipping` (`id_shipping`, `order_id`, `ship_civility`, `ship_name`, `ship_firstname`, `ship_address`, `ship_cp`, `ship_city`, `ship_country`) VALUES
(1, 1, 'Mme', 'DEPONT', 'Catherine', '14 rue de la roncelette', '77123', 'TOUSSON', 'France'),
(10, 10, 'Mme', 'LESPAGNON', 'Sophie', '11 grande rue', '91510', 'JANVILLE SUR JUINE', 'France'),
(11, 11, 'M.', 'JOVENé', 'Patrick', '24 avenue des perdrix', '93370', 'MONTFERMEIL', 'France'),
(12, 12, 'Mme', 'JOVENE', 'Nathalie', '24 avenue des perdrix', '93370', 'MONTFERMEIL', 'France'),
(13, 13, 'Mme', 'VAUCHELLES', 'Marguerite', '22 rue d&#039;Autouillet', '78770', 'MARCQ', 'France'),
(14, 14, 'Mme', 'LESPAGNON', 'Sophie.lespagnon', '11 Grande rue 91510 janville sur juine, 11', '91510', 'JANVILLE SUR JUINE', 'France'),
(15, 15, 'Mme', 'CAPVAL-CAPUS', 'Anny', '3 Avenue Salonina', '6000', 'NICE', 'France'),
(16, 16, 'M.', 'BARRAUD', 'Vincent', '2bis rue victor hugo', '91300', 'MASSY', 'France'),
(17, 17, 'M.', 'VIONNET', 'Bruno', '101  bât A rue du 8 mai 1945', '91300', 'MASSY', 'France'),
(18, 18, 'M.', 'BORDIER', 'Vincent', '49 rue Leon Blum', '91220', 'BRETIGNY SUR ORGE', 'France'),
(19, 19, 'Mlle', 'BRELURU EULLIOT', 'Virginie', '13 avenue des Fauvettes', '93370', 'MONTFERMEIL', 'France'),
(20, 20, 'M.', 'CRITON', 'Eric', 'rue de la Poste, 105 A', '38140', 'RENAGE', 'France'),
(48, 60, 'M', 'TEST', 'Test', '24 allée des mariniers', '45800', 'ST JEAN DE BRAYE', 'ALLEMAGNE'),
(49, 61, 'M', 'NOLLEAU', 'Julien', '24 allée des mariniers', '51290', 'ST REMY EN BOUZEMONT ST GENEST ISSON', 'FRANCE'),
(50, 62, 'M', 'NOLLEAU', 'Julien', '24 allée des mariniers', '45800', 'ST JEAN DE BRAYE', 'FRANCE'),
(51, 63, 'M', 'TEST', 'Test', 'test', '45800', 'ST JEAN DE BRAYE', 'FRANCE'),
(52, 64, 'M', 'TEST', 'Test', 'test', '88500', 'VOMECOURT SUR MADON', 'FRANCE'),
(53, 65, 'Mme', 'NOM D&#039;TEST', 'Le-test', '25 d&#039;has', '12400', 'ST VICTOR ET MELVIEU', 'FRANCE'),
(54, 66, 'M', 'TEST', 'Test', 'test', '45800', 'ST JEAN DE BRAYE', 'FRANCE'),
(55, 67, 'M', 'TEST', 'Test', 'test', '45800', 'ST JEAN DE BRAYE', 'FRANCE'),
(56, 68, 'M', 'TEST', 'Test', 'test', '45800', 'ST JEAN DE BRAYE', 'FRANCE'),
(57, 69, 'M', 'TEST', 'Test', 'test', '45800', 'ST JEAN DE BRAYE', 'FRANCE'),
(58, 70, 'M', 'TEST', 'Test', 'test', '45800', 'ST JEAN DE BRAYE', 'FRANCE'),
(59, 71, 'M', 'NOLLEAU', 'Julien', '24 Allée des mariniers', '45800', 'ST JEAN DE BRAYE', 'FRANCE'),
(60, 72, 'M', 'TEST', 'Test', '24 allée des mariniers', '45800', 'ST JEAN DE BRAYE', 'FRANCE'),
(61, 73, 'M', 'TEST', 'Test', 'test', '45800', 'ST JEAN DE BRAYE', 'FRANCE'),
(62, 75, 'M', 'NOLLEAU', 'Julien', '24 allée des mariniers', '45800', 'ST JEAN DE BRAYE', 'FRANCE'),
(63, 76, 'M', 'NOLLEAU', '', '24 allee ', '45800', 'ST JEAN DE BRAYE', 'FRANCE'),
(64, 77, 'M', 'NOLLEAU', '', '24 allee ', '45800', 'ST JEAN DE BRAYE', 'FRANCE'),
(65, 80, 'M', 'NOLLEAU', 'Julien', '24 allee des mariniers', '45800', 'COMBLEUX', 'FRANCE'),
(66, 83, 'M', 'NOLLEAU', 'Julien', '24 allee des mariniers', '45800', 'ST JEAN DE BRAYE', 'FRANCE'),
(67, 85, 'M', 'NOLLEAU', 'Julien', '24 allee des mariniers', '91150', 'PUISELET LE MARAIS', 'FRANCE'),
(68, 86, 'M', '', '', '', '', '', 'FRANCE'),
(69, 87, 'M', '', '', '', '', '', 'FRANCE'),
(70, 88, 'M', '', '', '', '', '', 'FRANCE'),
(71, 89, 'M', 'NOLLEAU', 'Julien', '24 allee des mariniers', '33141', 'VILLEGOUGE', 'FRANCE'),
(72, 90, 'M', '', '', '', '', '', 'FRANCE'),
(73, 91, 'Mme', 'RELALA', 'LALAL', '12 rue dlqkdq d', '12360', 'PEUX ET COUFFOULEUX', 'FRANCE'),
(74, 92, 'Mme', 'AIL', 'ETFINESHERBES', '41 rue de lognon', '23450', 'FRESSELINES', 'FRANCE'),
(75, 93, 'M', 'NOM2', 'PRE2', '56 rue deux', '89520', 'LAINSECQ', 'FRANCE'),
(76, 94, 'M', 'NOM1', 'PRENOM1', '24 allee des mariniers', '08300', 'THUGNY TRUGNY', 'FRANCE'),
(77, 95, 'M', 'TEST-IMG', 'Julien', '24 allee des mariniers', '27190', 'STE MARTHE', 'FRANCE'),
(78, 96, 'M', 'TEST-IMG', 'Julien', '24 allee des mariniers', '57630', 'XANREY', 'FRANCE'),
(79, 97, 'M', 'LASL-IMG', 'Test-img', '25 test', '39160', 'ST AMOUR', 'FRANCE'),
(80, 98, 'M', 'NOLLEAU', 'Julien', '24 allee des mariniers', '21910', 'NOIRON SOUS GEVREY', 'FRANCE'),
(81, 99, 'M', 'ORANGE', 'TEst', '452 rue orange', '77580', 'VILLIERS SUR MORIN', 'FRANCE'),
(82, 100, 'M', 'TEST-ORANGE', 'NOT-EMBED', '24 allee des mariniers', '45200', 'AMILLY', 'FRANCE'),
(83, 101, 'M', 'TEST PDF', 'Pdf-test', '24 allee des mariniers', '12560', 'ST SATURNIN DE LENNE', 'FRANCE'),
(84, 102, 'M', 'TEST-PDF-ORANGE', 'Julien', '24 allee des mariniers', '26400', 'GRANE', 'FRANCE'),
(85, 103, 'M', 'NOLLEAU', 'Julien', '24 allee des mariniers', '45800', 'ST JEAN DE BRAYE', 'FRANCE'),
(86, 104, 'M', 'TEST-PROD', 'Qty-zero', '24 allee des mariniers', '45230', 'LA CHAPELLE SUR AVEYRON', 'FRANCE'),
(87, 105, 'M', 'NOLLEAU', 'Julien', 'julien', '45800', 'COMBLEUX', 'FRANCE'),
(88, 106, 'M', 'TEST', 'Checkbox', '24 allee des mariniers', '23500', 'CLAIRAVAUX', 'FRANCE'),
(89, 107, 'Mme', 'SILVAIN ', 'Julie', '24 allée des mariniers', '45800', 'ST JEAN DE BRAYE', 'FRANCE'),
(90, 108, 'M', 'TEST', 'Mobile', '12 avenue de nulllepart', '35890', 'BOURG DES COMPTES', 'FRANCE'),
(91, 109, 'Mme', 'SILVAIN ', 'Julie', '24 allée des mariniers', '45800', 'ST JEAN DE BRAYE', 'FRANCE'),
(92, 110, 'M', 'SILVAIN', 'Julie', '24 allée des mariniers', '45800', 'ST JEAN DE BRAYE', 'FRANCE'),
(93, 111, 'M', 'NOLLEAU', 'Julien', '24 allee des mariniers', '45800', 'ST JEAN DE BRAYE', 'FRANCE'),
(94, 112, 'M', 'TEST-MAIL', 'Julien', '24 allee des mariniers', '62550', 'FONTAINE LES HERMANS', 'FRANCE');

--
-- Index pour les tables déchargées
--

--
-- Index pour la table `categories`
--
ALTER TABLE `categories`
  ADD PRIMARY KEY (`id`);

--
-- Index pour la table `ci_sessions`
--
ALTER TABLE `ci_sessions`
  ADD PRIMARY KEY (`id`),
  ADD KEY `ci_sessions_timestamp` (`timestamp`);

--
-- Index pour la table `clients`
--
ALTER TABLE `clients`
  ADD PRIMARY KEY (`id_client`);

--
-- Index pour la table `events`
--
ALTER TABLE `events`
  ADD PRIMARY KEY (`id`);

--
-- Index pour la table `news`
--
ALTER TABLE `news`
  ADD PRIMARY KEY (`id`);

--
-- Index pour la table `orders`
--
ALTER TABLE `orders`
  ADD PRIMARY KEY (`id_order`),
  ADD KEY `client_fk` (`client_id`);

--
-- Index pour la table `order_lines`
--
ALTER TABLE `order_lines`
  ADD PRIMARY KEY (`id_order_lines`),
  ADD KEY `ligne-cmde_fk` (`order_id`);

--
-- Index pour la table `prix_colissimo_fr`
--
ALTER TABLE `prix_colissimo_fr`
  ADD PRIMARY KEY (`tarif_id`);

--
-- Index pour la table `products`
--
ALTER TABLE `products`
  ADD PRIMARY KEY (`id_product`);

--
-- Index pour la table `recipes`
--
ALTER TABLE `recipes`
  ADD PRIMARY KEY (`id_recette`);

--
-- Index pour la table `shipping`
--
ALTER TABLE `shipping`
  ADD PRIMARY KEY (`id_shipping`),
  ADD KEY `commande_fk` (`order_id`);

--
-- AUTO_INCREMENT pour les tables déchargées
--

--
-- AUTO_INCREMENT pour la table `categories`
--
ALTER TABLE `categories`
  MODIFY `id` int(10) UNSIGNED NOT NULL AUTO_INCREMENT, AUTO_INCREMENT=6;

--
-- AUTO_INCREMENT pour la table `clients`
--
ALTER TABLE `clients`
  MODIFY `id_client` int(10) UNSIGNED NOT NULL AUTO_INCREMENT, AUTO_INCREMENT=114;

--
-- AUTO_INCREMENT pour la table `events`
--
ALTER TABLE `events`
  MODIFY `id` int(11) NOT NULL AUTO_INCREMENT, AUTO_INCREMENT=31;

--
-- AUTO_INCREMENT pour la table `news`
--
ALTER TABLE `news`
  MODIFY `id` int(11) NOT NULL AUTO_INCREMENT, AUTO_INCREMENT=4;

--
-- AUTO_INCREMENT pour la table `orders`
--
ALTER TABLE `orders`
  MODIFY `id_order` int(10) UNSIGNED NOT NULL AUTO_INCREMENT, AUTO_INCREMENT=113;

--
-- AUTO_INCREMENT pour la table `order_lines`
--
ALTER TABLE `order_lines`
  MODIFY `id_order_lines` int(10) UNSIGNED NOT NULL AUTO_INCREMENT, AUTO_INCREMENT=135;

--
-- AUTO_INCREMENT pour la table `prix_colissimo_fr`
--
ALTER TABLE `prix_colissimo_fr`
  MODIFY `tarif_id` int(10) UNSIGNED NOT NULL AUTO_INCREMENT, AUTO_INCREMENT=9;

--
-- AUTO_INCREMENT pour la table `products`
--
ALTER TABLE `products`
  MODIFY `id_product` int(10) UNSIGNED NOT NULL AUTO_INCREMENT, AUTO_INCREMENT=34;

--
-- AUTO_INCREMENT pour la table `recipes`
--
ALTER TABLE `recipes`
  MODIFY `id_recette` int(11) NOT NULL AUTO_INCREMENT, AUTO_INCREMENT=7;

--
-- AUTO_INCREMENT pour la table `shipping`
--
ALTER TABLE `shipping`
  MODIFY `id_shipping` int(10) UNSIGNED NOT NULL AUTO_INCREMENT, AUTO_INCREMENT=95;

--
-- Contraintes pour les tables déchargées
--

--
-- Contraintes pour la table `orders`
--
ALTER TABLE `orders`
  ADD CONSTRAINT `client_fk` FOREIGN KEY (`client_id`) REFERENCES `clients` (`id_client`) ON DELETE CASCADE ON UPDATE CASCADE;

--
-- Contraintes pour la table `order_lines`
--
ALTER TABLE `order_lines`
  ADD CONSTRAINT `ligne-cmde_fk` FOREIGN KEY (`order_id`) REFERENCES `orders` (`id_order`) ON DELETE CASCADE ON UPDATE CASCADE;

--
-- Contraintes pour la table `shipping`
--
ALTER TABLE `shipping`
  ADD CONSTRAINT `commande_fk` FOREIGN KEY (`order_id`) REFERENCES `orders` (`id_order`) ON DELETE CASCADE ON UPDATE CASCADE;
COMMIT;

/*!40101 SET CHARACTER_SET_CLIENT=@OLD_CHARACTER_SET_CLIENT */;
/*!40101 SET CHARACTER_SET_RESULTS=@OLD_CHARACTER_SET_RESULTS */;
/*!40101 SET COLLATION_CONNECTION=@OLD_COLLATION_CONNECTION */;
